,submission_date,state,tot_cases,new_case,pnew_case,tot_death,conf_death,prob_death,new_death,pnew_death,created_at
33516,2020-01-22,MD,0,0,0.0,0,0.0,0.0,0,0.0,01/24/2020 12:00:00 AM
32577,2020-01-23,MD,0,0,0.0,0,0.0,0.0,0,0.0,01/25/2020 12:00:00 AM
31837,2020-01-24,MD,0,0,0.0,0,0.0,0.0,0,0.0,01/26/2020 12:00:00 AM
12958,2020-01-25,MD,0,0,0.0,0,0.0,0.0,0,0.0,01/27/2020 12:00:00 AM
14085,2020-01-26,MD,0,0,0.0,0,0.0,0.0,0,0.0,01/28/2020 12:00:00 AM
12689,2020-01-27,MD,0,0,0.0,0,0.0,0.0,0,0.0,01/29/2020 12:00:00 AM
14137,2020-01-28,MD,0,0,0.0,0,0.0,0.0,0,0.0,01/30/2020 12:00:00 AM
11510,2020-01-29,MD,0,0,0.0,0,0.0,0.0,0,0.0,01/31/2020 12:00:00 AM
31221,2020-01-30,MD,0,0,0.0,0,0.0,0.0,0,0.0,02/01/2020 12:00:00 AM
25416,2020-01-31,MD,0,0,0.0,0,0.0,0.0,0,0.0,02/02/2020 12:00:00 AM
16698,2020-02-01,MD,0,0,0.0,0,0.0,0.0,0,0.0,02/03/2020 12:00:00 AM
15550,2020-02-02,MD,0,0,0.0,0,0.0,0.0,0,0.0,02/04/2020 12:00:00 AM
17854,2020-02-03,MD,0,0,0.0,0,0.0,0.0,0,0.0,02/05/2020 12:00:00 AM
11395,2020-02-04,MD,0,0,0.0,0,0.0,0.0,0,0.0,02/06/2020 12:00:00 AM
31283,2020-02-05,MD,0,0,0.0,0,0.0,0.0,0,0.0,02/07/2020 12:00:00 AM
16355,2020-02-06,MD,0,0,0.0,0,0.0,0.0,0,0.0,02/08/2020 12:00:00 AM
18621,2020-02-07,MD,0,0,0.0,0,0.0,0.0,0,0.0,02/09/2020 12:00:00 AM
30950,2020-02-08,MD,0,0,0.0,0,0.0,0.0,0,0.0,02/10/2020 12:00:00 AM
12437,2020-02-09,MD,0,0,0.0,0,0.0,0.0,0,0.0,02/11/2020 12:00:00 AM
13738,2020-02-10,MD,0,0,0.0,0,0.0,0.0,0,0.0,02/12/2020 12:00:00 AM
34534,2020-02-11,MD,0,0,0.0,0,0.0,0.0,0,0.0,02/13/2020 12:00:00 AM
15240,2020-02-12,MD,0,0,0.0,0,0.0,0.0,0,0.0,02/14/2020 12:00:00 AM
18087,2020-02-13,MD,0,0,0.0,0,0.0,0.0,0,0.0,02/15/2020 12:00:00 AM
19099,2020-02-14,MD,0,0,0.0,0,0.0,0.0,0,0.0,02/16/2020 12:00:00 AM
12656,2020-02-15,MD,0,0,0.0,0,0.0,0.0,0,0.0,02/17/2020 12:00:00 AM
12105,2020-02-16,MD,0,0,0.0,0,0.0,0.0,0,0.0,02/18/2020 12:00:00 AM
27513,2020-02-17,MD,0,0,0.0,0,0.0,0.0,0,0.0,02/19/2020 12:00:00 AM
19589,2020-02-18,MD,0,0,0.0,0,0.0,0.0,0,0.0,02/20/2020 12:00:00 AM
12924,2020-02-19,MD,0,0,0.0,0,0.0,0.0,0,0.0,02/21/2020 12:00:00 AM
12501,2020-02-20,MD,0,0,0.0,0,0.0,0.0,0,0.0,02/22/2020 12:00:00 AM
19213,2020-02-21,MD,0,0,0.0,0,0.0,0.0,0,0.0,02/23/2020 12:00:00 AM
11166,2020-02-22,MD,0,0,0.0,0,0.0,0.0,0,0.0,02/24/2020 12:00:00 AM
15904,2020-02-23,MD,0,0,0.0,0,0.0,0.0,0,0.0,02/25/2020 12:00:00 AM
13509,2020-02-24,MD,0,0,0.0,0,0.0,0.0,0,0.0,02/26/2020 12:00:00 AM
13242,2020-02-25,MD,0,0,0.0,0,0.0,0.0,0,0.0,02/27/2020 12:00:00 AM
10565,2020-02-26,MD,0,0,0.0,0,0.0,0.0,0,0.0,02/28/2020 12:00:00 AM
29843,2020-02-27,MD,0,0,0.0,0,0.0,0.0,0,0.0,02/29/2020 12:00:00 AM
28220,2020-02-28,MD,0,0,0.0,0,0.0,0.0,0,0.0,03/01/2020 12:00:00 AM
13615,2020-02-29,MD,0,0,0.0,0,0.0,0.0,0,0.0,03/02/2020 12:00:00 AM
33526,2020-03-01,MD,0,0,0.0,0,0.0,0.0,0,0.0,03/03/2020 12:00:00 AM
10884,2020-03-02,MD,0,0,0.0,0,0.0,0.0,0,0.0,03/04/2020 12:00:00 AM
28674,2020-03-03,MD,0,0,0.0,0,0.0,0.0,0,0.0,03/05/2020 12:00:00 AM
16077,2020-03-04,MD,0,0,0.0,0,0.0,0.0,0,0.0,03/06/2020 12:00:00 AM
19770,2020-03-05,MD,3,3,0.0,0,0.0,0.0,0,0.0,03/07/2020 12:00:00 AM
18886,2020-03-06,MD,3,0,0.0,0,0.0,0.0,0,0.0,03/08/2020 12:00:00 AM
26157,2020-03-07,MD,3,0,0.0,0,0.0,0.0,0,0.0,03/09/2020 12:00:00 AM
16464,2020-03-08,MD,5,2,0.0,0,0.0,0.0,0,0.0,03/10/2020 12:00:00 AM
26854,2020-03-09,MD,6,1,0.0,0,0.0,0.0,0,0.0,03/11/2020 12:00:00 AM
11013,2020-03-10,MD,9,3,0.0,0,0.0,0.0,0,0.0,03/12/2020 12:00:00 AM
17102,2020-03-11,MD,12,3,0.0,0,0.0,0.0,0,0.0,03/13/2020 12:00:00 AM
29591,2020-03-12,MD,12,0,0.0,0,0.0,0.0,0,0.0,03/14/2020 12:00:00 AM
31842,2020-03-13,MD,15,3,0.0,0,0.0,0.0,0,0.0,03/15/2020 12:00:00 AM
30733,2020-03-14,MD,26,11,0.0,0,0.0,0.0,0,0.0,03/16/2020 12:00:00 AM
32928,2020-03-15,MD,31,5,0.0,0,0.0,0.0,0,0.0,03/17/2020 12:00:00 AM
11275,2020-03-16,MD,37,6,0.0,0,0.0,0.0,0,0.0,03/18/2020 12:00:00 AM
10605,2020-03-17,MD,57,20,0.0,0,0.0,0.0,0,0.0,03/19/2020 12:00:00 AM
26108,2020-03-18,MD,85,28,0.0,0,0.0,0.0,0,0.0,03/20/2020 12:00:00 AM
14197,2020-03-19,MD,107,22,0.0,2,2.0,0.0,2,0.0,03/21/2020 12:00:00 AM
25241,2020-03-20,MD,149,42,0.0,2,2.0,0.0,0,0.0,03/22/2020 12:00:00 AM
28319,2020-03-21,MD,190,41,0.0,4,4.0,0.0,2,0.0,03/23/2020 12:00:00 AM
17566,2020-03-22,MD,244,54,0.0,4,4.0,0.0,0,0.0,03/24/2020 12:00:00 AM
13631,2020-03-23,MD,288,44,0.0,5,5.0,0.0,1,0.0,03/25/2020 12:00:00 AM
27463,2020-03-24,MD,349,61,0.0,5,5.0,0.0,0,0.0,03/26/2020 12:00:00 AM
13140,2020-03-25,MD,423,74,0.0,6,6.0,0.0,1,0.0,03/27/2020 12:00:00 AM
15012,2020-03-26,MD,580,157,0.0,6,6.0,0.0,0,0.0,03/28/2020 12:00:00 AM
26519,2020-03-27,MD,774,194,0.0,8,8.0,0.0,2,0.0,03/29/2020 12:00:00 AM
19318,2020-03-28,MD,992,218,0.0,11,11.0,0.0,3,0.0,03/30/2020 12:00:00 AM
25544,2020-03-29,MD,1239,247,0.0,19,19.0,0.0,8,0.0,03/31/2020 12:00:00 AM
14895,2020-03-30,MD,1413,174,0.0,27,26.0,1.0,8,1.0,04/01/2020 12:00:00 AM
16462,2020-03-31,MD,1660,247,0.0,38,37.0,1.0,11,0.0,04/02/2020 12:00:00 AM
13740,2020-04-01,MD,1985,325,0.0,46,45.0,1.0,8,0.0,04/03/2020 12:00:00 AM
26891,2020-04-02,MD,2331,346,0.0,55,53.0,2.0,9,1.0,04/04/2020 12:00:00 AM
32242,2020-04-03,MD,2758,427,0.0,68,64.0,4.0,13,2.0,04/05/2020 12:00:00 AM
34424,2020-04-04,MD,3125,367,0.0,88,83.0,5.0,20,1.0,04/06/2020 12:00:00 AM
19112,2020-04-05,MD,3609,484,0.0,105,99.0,6.0,17,1.0,04/07/2020 12:00:00 AM
19956,2020-04-06,MD,4045,436,0.0,128,122.0,6.0,23,0.0,04/08/2020 12:00:00 AM
10840,2020-04-07,MD,4371,326,0.0,145,138.0,7.0,17,1.0,04/09/2020 12:00:00 AM
11704,2020-04-08,MD,5529,1158,0.0,167,159.0,8.0,22,1.0,04/10/2020 12:00:00 AM
33248,2020-04-09,MD,6185,656,0.0,198,188.0,10.0,31,2.0,04/11/2020 12:00:00 AM
33073,2020-04-10,MD,6968,783,0.0,227,217.0,10.0,29,0.0,04/12/2020 12:00:00 AM
14763,2020-04-11,MD,7694,726,0.0,261,251.0,10.0,34,0.0,04/13/2020 12:00:00 AM
28734,2020-04-12,MD,8225,531,0.0,304,293.0,11.0,43,1.0,04/14/2020 12:00:00 AM
18582,2020-04-13,MD,8936,711,0.0,341,324.0,17.0,37,6.0,04/15/2020 12:00:00 AM
19268,2020-04-14,MD,9472,536,0.0,390,367.0,23.0,49,6.0,04/16/2020 12:00:00 AM
33261,2020-04-15,MD,10032,560,0.0,427,403.0,24.0,37,1.0,04/17/2020 12:00:00 AM
13700,2020-04-16,MD,10784,752,0.0,475,449.0,26.0,48,2.0,04/18/2020 12:00:00 AM
26977,2020-04-17,MD,11572,788,0.0,506,480.0,26.0,31,0.0,04/19/2020 12:00:00 AM
12538,2020-04-18,MD,12308,736,0.0,548,521.0,27.0,42,1.0,04/20/2020 12:00:00 AM
25374,2020-04-19,MD,12830,522,0.0,591,560.0,31.0,43,4.0,04/21/2020 12:00:00 AM
19852,2020-04-20,MD,13684,854,0.0,636,604.0,32.0,45,1.0,04/22/2020 12:00:00 AM
28161,2020-04-21,MD,14193,509,0.0,691,655.0,36.0,55,4.0,04/23/2020 12:00:00 AM
28574,2020-04-22,MD,14775,582,0.0,741,703.0,38.0,50,2.0,04/24/2020 12:00:00 AM
16147,2020-04-23,MD,15737,962,0.0,790,750.0,40.0,49,2.0,02/15/2022 03:29:40 PM
15577,2020-04-24,MD,16616,879,0.0,844,802.0,42.0,54,2.0,02/15/2022 03:29:40 PM
11517,2020-04-25,MD,17766,1150,0.0,912,866.0,46.0,68,4.0,02/15/2022 03:29:40 PM
17692,2020-04-26,MD,18581,815,0.0,963,915.0,48.0,51,2.0,02/15/2022 03:29:40 PM
19633,2020-04-27,MD,19487,906,0.0,1017,966.0,51.0,54,3.0,02/15/2022 03:29:40 PM
15338,2020-04-28,MD,20113,626,0.0,1063,1008.0,55.0,46,4.0,04/30/2020 12:00:00 AM
18965,2020-04-29,MD,20849,736,0.0,1120,1061.0,59.0,57,4.0,05/01/2020 12:00:00 AM
11155,2020-04-30,MD,21742,893,0.0,1190,1130.0,60.0,70,1.0,05/02/2020 12:00:00 AM
28790,2020-05-01,MD,23472,1730,0.0,1252,1190.0,62.0,62,2.0,05/03/2020 12:00:00 AM
30903,2020-05-02,MD,24473,1001,0.0,1304,1239.0,65.0,52,3.0,05/04/2020 12:00:00 AM
12945,2020-05-03,MD,25462,989,0.0,1352,1284.0,68.0,48,3.0,05/05/2020 12:00:00 AM
27414,2020-05-04,MD,26408,946,0.0,1401,1328.0,73.0,49,5.0,05/06/2020 12:00:00 AM
15897,2020-05-05,MD,27117,709,0.0,1455,1381.0,74.0,54,1.0,05/07/2020 12:00:00 AM
19059,2020-05-06,MD,28163,1046,0.0,1511,1434.0,77.0,56,3.0,05/08/2020 12:00:00 AM
13853,2020-05-07,MD,29374,1211,0.0,1555,1476.0,79.0,44,2.0,05/09/2020 12:00:00 AM
18518,2020-05-08,MD,30485,1111,0.0,1616,1533.0,83.0,61,4.0,05/10/2020 12:00:00 AM
30892,2020-05-09,MD,31534,1049,0.0,1682,1597.0,85.0,66,2.0,05/11/2020 12:00:00 AM
33319,2020-05-10,MD,32587,1053,0.0,1733,1647.0,86.0,51,1.0,05/12/2020 12:00:00 AM
27928,2020-05-11,MD,33373,786,0.0,1781,1691.0,90.0,48,4.0,05/13/2020 12:00:00 AM
16846,2020-05-12,MD,34061,688,0.0,1834,1741.0,93.0,53,3.0,05/14/2020 12:00:00 AM
29100,2020-05-13,MD,34812,751,0.0,1884,1789.0,95.0,50,2.0,05/15/2020 12:00:00 AM
27726,2020-05-14,MD,35903,1091,0.0,1934,1837.0,97.0,50,2.0,05/16/2020 12:00:00 AM
16334,2020-05-15,MD,36986,1083,0.0,1988,1890.0,98.0,54,1.0,05/17/2020 12:00:00 AM
30615,2020-05-16,MD,37968,982,0.0,2046,1947.0,99.0,58,1.0,05/18/2020 12:00:00 AM
33571,2020-05-17,MD,38804,836,0.0,2096,1995.0,101.0,50,2.0,05/19/2020 12:00:00 AM
14742,2020-05-18,MD,39762,958,0.0,2148,2043.0,105.0,52,4.0,05/20/2020 12:00:00 AM
16671,2020-05-19,MD,41546,1784,0.0,2184,2078.0,106.0,36,1.0,05/21/2020 12:00:00 AM
26407,2020-05-20,MD,42323,777,0.0,2226,2119.0,107.0,42,1.0,05/22/2020 12:00:00 AM
16737,2020-05-21,MD,43531,1208,0.0,2262,2153.0,109.0,36,2.0,05/23/2020 12:00:00 AM
26924,2020-05-22,MD,44424,893,0.0,2286,2177.0,109.0,24,0.0,05/24/2020 12:00:00 AM
32400,2020-05-23,MD,45495,1071,0.0,2342,2233.0,109.0,56,0.0,05/25/2020 12:00:00 AM
19896,2020-05-24,MD,46313,818,0.0,2376,2263.0,113.0,34,4.0,05/26/2020 12:00:00 AM
34289,2020-05-25,MD,47152,839,0.0,2414,2299.0,115.0,38,2.0,05/27/2020 12:00:00 AM
18526,2020-05-26,MD,47687,535,0.0,2453,2338.0,115.0,39,0.0,05/28/2020 12:00:00 AM
19970,2020-05-27,MD,48423,736,0.0,2497,2379.0,118.0,44,3.0,05/29/2020 12:00:00 AM
32062,2020-05-28,MD,49709,1286,0.0,2540,2422.0,118.0,43,0.0,05/30/2020 12:00:00 AM
27828,2020-05-29,MD,50988,1279,0.0,2585,2466.0,119.0,45,1.0,05/31/2020 12:00:00 AM
28773,2020-05-30,MD,52015,1027,0.0,2625,2505.0,120.0,40,1.0,06/01/2020 12:00:00 AM
31897,2020-05-31,MD,52778,763,0.0,2653,2533.0,120.0,28,0.0,06/02/2020 12:00:00 AM
32925,2020-06-01,MD,53327,549,0.0,2688,2568.0,120.0,35,0.0,06/03/2020 12:00:00 AM
19175,2020-06-02,MD,54175,848,0.0,2719,2599.0,120.0,31,0.0,06/04/2020 12:00:00 AM
33807,2020-06-03,MD,54982,807,0.0,2745,2624.0,121.0,26,1.0,06/05/2020 12:00:00 AM
34694,2020-06-04,MD,55858,876,0.0,2784,2662.0,122.0,39,1.0,06/06/2020 12:00:00 AM
18811,2020-06-05,MD,56770,912,0.0,2817,2695.0,122.0,33,0.0,06/07/2020 12:00:00 AM
12822,2020-06-06,MD,57482,712,0.0,2851,2726.0,125.0,34,3.0,06/08/2020 12:00:00 AM
10533,2020-06-07,MD,57973,491,0.0,2875,2750.0,125.0,24,0.0,06/09/2020 12:00:00 AM
12097,2020-06-08,MD,58404,431,0.0,2902,2777.0,125.0,27,0.0,06/10/2020 12:00:00 AM
18276,2020-06-09,MD,58904,500,0.0,2926,2799.0,127.0,24,2.0,06/11/2020 12:00:00 AM
12258,2020-06-10,MD,59465,561,0.0,2952,2825.0,127.0,26,0.0,06/12/2020 12:00:00 AM
11531,2020-06-11,MD,60197,732,0.0,2985,2858.0,127.0,33,0.0,06/13/2020 12:00:00 AM
33474,2020-06-12,MD,60613,416,0.0,3008,2881.0,127.0,23,0.0,06/14/2020 12:00:00 AM
11555,2020-06-13,MD,61305,692,0.0,3033,2904.0,129.0,25,2.0,06/15/2020 12:00:00 AM
34113,2020-06-14,MD,61701,396,0.0,3051,2922.0,129.0,18,0.0,06/16/2020 12:00:00 AM
34359,2020-06-15,MD,62032,331,0.0,3069,2939.0,130.0,18,1.0,06/17/2020 12:00:00 AM
33363,2020-06-16,MD,62409,377,0.0,3092,2962.0,130.0,23,0.0,06/18/2020 12:00:00 AM
15399,2020-06-17,MD,62969,560,0.0,3107,2975.0,132.0,15,2.0,06/19/2020 12:00:00 AM
29707,2020-06-18,MD,63229,260,0.0,3129,2997.0,132.0,22,0.0,06/20/2020 12:00:00 AM
28247,2020-06-19,MD,63548,319,0.0,3138,3006.0,132.0,9,0.0,06/21/2020 12:00:00 AM
19493,2020-06-20,MD,63956,408,0.0,3158,3026.0,132.0,20,0.0,06/22/2020 12:00:00 AM
17684,2020-06-21,MD,64306,350,0.0,3179,3047.0,132.0,21,0.0,06/23/2020 12:00:00 AM
34487,2020-06-22,MD,64603,297,0.0,3192,3060.0,132.0,13,0.0,06/24/2020 12:00:00 AM
15594,2020-06-23,MD,65007,404,0.0,3208,3076.0,132.0,16,0.0,06/25/2020 12:00:00 AM
19682,2020-06-24,MD,65337,330,0.0,3223,3091.0,132.0,15,0.0,06/26/2020 12:00:00 AM
17181,2020-06-25,MD,65777,440,0.0,3240,3107.0,133.0,17,1.0,06/27/2020 12:00:00 AM
12117,2020-06-26,MD,66115,338,0.0,3252,3118.0,134.0,12,1.0,06/28/2020 12:00:00 AM
11992,2020-06-27,MD,66450,335,0.0,3266,3132.0,134.0,14,0.0,06/29/2020 12:00:00 AM
17830,2020-06-28,MD,66777,327,0.0,3285,3151.0,134.0,19,0.0,06/30/2020 12:00:00 AM
26518,2020-06-29,MD,67254,477,0.0,3291,3157.0,134.0,6,0.0,07/01/2020 12:00:00 AM
27885,2020-06-30,MD,67559,305,0.0,3308,3172.0,136.0,17,2.0,07/02/2020 12:00:00 AM
32914,2020-07-01,MD,67918,359,0.0,3321,3185.0,136.0,13,0.0,07/03/2020 12:00:00 AM
32563,2020-07-02,MD,68423,505,0.0,3336,3199.0,137.0,15,1.0,07/04/2020 12:00:00 AM
17147,2020-07-03,MD,68961,538,0.0,3344,3206.0,138.0,8,1.0,07/05/2020 12:00:00 AM
31138,2020-07-04,MD,69341,380,0.0,3362,3223.0,139.0,18,1.0,07/06/2020 12:00:00 AM
34712,2020-07-05,MD,69632,291,0.0,3370,3231.0,139.0,8,0.0,07/07/2020 12:00:00 AM
16907,2020-07-06,MD,69904,272,0.0,3377,3238.0,139.0,7,0.0,07/08/2020 12:00:00 AM
13012,2020-07-07,MD,70396,492,0.0,3392,3253.0,139.0,15,0.0,07/09/2020 12:00:00 AM
33594,2020-07-08,MD,70861,465,0.0,3403,3264.0,139.0,11,0.0,07/10/2020 12:00:00 AM
11485,2020-07-09,MD,71447,586,0.0,3409,3270.0,139.0,6,0.0,07/11/2020 12:00:00 AM
29936,2020-07-10,MD,71910,463,0.0,3420,3281.0,139.0,11,0.0,07/12/2020 12:00:00 AM
27477,2020-07-11,MD,72467,557,0.0,3427,3288.0,139.0,7,0.0,07/13/2020 12:00:00 AM
14110,2020-07-12,MD,73109,642,0.0,3440,3301.0,139.0,13,0.0,07/14/2020 12:00:00 AM
13109,2020-07-13,MD,73527,418,0.0,3447,3308.0,139.0,7,0.0,07/15/2020 12:00:00 AM
26081,2020-07-14,MD,74260,733,0.0,3453,3314.0,139.0,6,0.0,07/16/2020 12:00:00 AM
34716,2020-07-15,MD,75016,756,0.0,3455,3316.0,139.0,2,0.0,07/17/2020 12:00:00 AM
30782,2020-07-16,MD,75664,648,0.0,3466,3327.0,139.0,11,0.0,07/18/2020 12:00:00 AM
15471,2020-07-17,MD,76371,707,0.0,3479,3340.0,139.0,13,0.0,07/19/2020 12:00:00 AM
26112,2020-07-18,MD,77206,835,0.0,3487,3348.0,139.0,8,0.0,07/20/2020 12:00:00 AM
13457,2020-07-19,MD,78131,925,0.0,3497,3358.0,139.0,10,0.0,07/21/2020 12:00:00 AM
28271,2020-07-20,MD,78685,554,0.0,3508,3369.0,139.0,11,0.0,07/22/2020 12:00:00 AM
13595,2020-07-21,MD,79545,860,0.0,3515,3376.0,139.0,7,0.0,07/23/2020 12:00:00 AM
26699,2020-07-22,MD,80172,627,0.0,3525,3386.0,139.0,10,0.0,07/24/2020 12:00:00 AM
33171,2020-07-23,MD,80836,664,0.0,3531,3391.0,140.0,6,1.0,07/25/2020 12:00:00 AM
33843,2020-07-24,MD,81766,930,0.0,3540,3400.0,140.0,9,0.0,07/26/2020 12:00:00 AM
29530,2020-07-25,MD,83054,1288,0.0,3551,3411.0,140.0,11,0.0,07/27/2020 12:00:00 AM
18726,2020-07-26,MD,83748,694,0.0,3561,3420.0,141.0,10,1.0,07/28/2020 12:00:00 AM
17990,2020-07-27,MD,84876,1128,0.0,3569,3427.0,142.0,8,1.0,07/29/2020 12:00:00 AM
17922,2020-07-28,MD,85524,648,0.0,3579,3437.0,142.0,10,0.0,07/30/2020 12:00:00 AM
32405,2020-07-29,MD,86285,761,0.0,3591,3449.0,142.0,12,0.0,07/31/2020 12:00:00 AM
28267,2020-07-30,MD,87177,892,0.0,3602,3460.0,142.0,11,0.0,08/01/2020 12:00:00 AM
18371,2020-07-31,MD,88346,1169,0.0,3613,3470.0,143.0,11,1.0,08/02/2020 12:00:00 AM
19612,2020-08-01,MD,89365,1019,0.0,3620,3477.0,143.0,7,0.0,08/03/2020 12:00:00 AM
32459,2020-08-02,MD,90274,909,0.0,3634,3489.0,145.0,14,2.0,08/04/2020 12:00:00 AM
17552,2020-08-03,MD,91144,870,0.0,3642,3497.0,145.0,8,0.0,08/05/2020 12:00:00 AM
26046,2020-08-04,MD,91854,710,0.0,3652,3507.0,145.0,10,0.0,08/06/2020 12:00:00 AM
30885,2020-08-05,MD,92426,572,0.0,3661,3516.0,145.0,9,0.0,08/07/2020 12:00:00 AM
19091,2020-08-06,MD,93005,579,0.0,3670,3525.0,145.0,9,0.0,08/08/2020 12:00:00 AM
34118,2020-08-07,MD,93806,801,0.0,3680,3535.0,145.0,10,0.0,08/09/2020 12:00:00 AM
32244,2020-08-08,MD,94581,775,0.0,3693,3547.0,146.0,13,1.0,08/10/2020 12:00:00 AM
29935,2020-08-09,MD,95503,922,0.0,3703,3555.0,148.0,10,2.0,08/11/2020 12:00:00 AM
10540,2020-08-10,MD,96258,755,0.0,3708,3560.0,148.0,5,0.0,08/12/2020 12:00:00 AM
25444,2020-08-11,MD,96843,585,0.0,3720,3572.0,148.0,12,0.0,08/13/2020 12:00:00 AM
18546,2020-08-12,MD,97384,541,0.0,3726,3578.0,148.0,6,0.0,08/14/2020 12:00:00 AM
30709,2020-08-13,MD,98160,776,0.0,3738,3590.0,148.0,12,0.0,08/15/2020 12:00:00 AM
26845,2020-08-14,MD,98875,715,0.0,3748,3599.0,149.0,10,1.0,08/16/2020 12:00:00 AM
30010,2020-08-15,MD,99693,818,0.0,3754,3605.0,149.0,6,0.0,08/17/2020 12:00:00 AM
34306,2020-08-16,MD,100212,519,0.0,3762,3613.0,149.0,8,0.0,08/18/2020 12:00:00 AM
25212,2020-08-17,MD,100715,503,0.0,3765,3616.0,149.0,3,0.0,08/19/2020 12:00:00 AM
28703,2020-08-18,MD,101235,520,0.0,3773,3624.0,149.0,8,0.0,08/20/2020 12:00:00 AM
34724,2020-08-19,MD,101649,414,0.0,3781,3632.0,149.0,8,0.0,08/21/2020 12:00:00 AM
33092,2020-08-20,MD,102229,580,0.0,3786,3637.0,149.0,5,0.0,08/22/2020 12:00:00 AM
29985,2020-08-21,MD,102899,670,0.0,3794,3643.0,151.0,8,2.0,08/23/2020 12:00:00 AM
31292,2020-08-22,MD,103523,624,0.0,3807,3656.0,151.0,13,0.0,08/24/2020 12:00:00 AM
16783,2020-08-23,MD,104102,579,0.0,3818,3667.0,151.0,11,0.0,08/25/2020 12:00:00 AM
32603,2020-08-24,MD,104669,567,0.0,3826,3674.0,152.0,8,1.0,08/26/2020 12:00:00 AM
10566,2020-08-25,MD,105046,377,0.0,3827,3674.0,153.0,1,1.0,08/27/2020 12:00:00 AM
11026,2020-08-26,MD,105486,440,0.0,3837,3684.0,153.0,10,0.0,08/28/2020 12:00:00 AM
33156,2020-08-27,MD,106063,577,0.0,3846,3693.0,153.0,9,0.0,08/29/2020 12:00:00 AM
28539,2020-08-28,MD,106664,601,0.0,3858,3704.0,154.0,12,1.0,08/30/2020 12:00:00 AM
12508,2020-08-29,MD,107294,630,0.0,3869,3715.0,154.0,11,0.0,08/31/2020 12:00:00 AM
30181,2020-08-30,MD,107791,497,0.0,3875,3721.0,154.0,6,0.0,09/01/2020 12:00:00 AM
34003,2020-08-31,MD,108249,458,0.0,3883,3729.0,154.0,8,0.0,09/02/2020 12:00:00 AM
31167,2020-09-01,MD,108863,614,0.0,3886,3732.0,154.0,3,0.0,09/03/2020 12:00:00 AM
15304,2020-09-02,MD,109319,456,0.0,3893,3738.0,155.0,7,1.0,09/04/2020 12:00:00 AM
33032,2020-09-03,MD,110012,693,0.0,3901,3746.0,155.0,8,0.0,09/05/2020 12:00:00 AM
12040,2020-09-04,MD,110831,819,0.0,3915,3760.0,155.0,14,0.0,09/06/2020 12:00:00 AM
30195,2020-09-05,MD,111607,776,0.0,3920,3765.0,155.0,5,0.0,09/07/2020 12:00:00 AM
10951,2020-09-06,MD,112119,512,0.0,3927,3772.0,155.0,7,0.0,09/08/2020 12:00:00 AM
16443,2020-09-07,MD,112883,764,0.0,3929,3774.0,155.0,2,0.0,09/09/2020 12:00:00 AM
16903,2020-09-08,MD,113239,356,0.0,3933,3778.0,155.0,4,0.0,09/10/2020 12:00:00 AM
26850,2020-09-09,MD,113575,336,0.0,3936,3780.0,156.0,3,1.0,09/11/2020 12:00:00 AM
13634,2020-09-10,MD,114078,503,0.0,3944,3788.0,156.0,8,0.0,09/12/2020 12:00:00 AM
11366,2020-09-11,MD,114724,646,0.0,3954,3798.0,156.0,10,0.0,09/13/2020 12:00:00 AM
15604,2020-09-12,MD,115533,809,0.0,3958,3802.0,156.0,4,0.0,09/14/2020 12:00:00 AM
19197,2020-09-13,MD,116110,577,0.0,3962,3806.0,156.0,4,0.0,09/15/2020 12:00:00 AM
30391,2020-09-14,MD,116646,536,0.0,3965,3809.0,156.0,3,0.0,09/16/2020 12:00:00 AM
11416,2020-09-15,MD,117245,599,0.0,3974,3818.0,156.0,9,0.0,09/17/2020 12:00:00 AM
32748,2020-09-16,MD,117888,643,0.0,3983,3827.0,156.0,9,0.0,09/18/2020 12:00:00 AM
11854,2020-09-17,MD,118519,631,0.0,3990,3833.0,157.0,7,1.0,09/19/2020 12:00:00 AM
17194,2020-09-18,MD,119062,543,0.0,3995,3838.0,157.0,5,0.0,09/20/2020 12:00:00 AM
33633,2020-09-19,MD,119744,682,0.0,4002,3845.0,157.0,7,0.0,09/21/2020 12:00:00 AM
27760,2020-09-20,MD,120156,412,0.0,4008,3851.0,157.0,6,0.0,09/22/2020 12:00:00 AM
19137,2020-09-21,MD,120568,412,0.0,4015,3858.0,157.0,7,0.0,09/23/2020 12:00:00 AM
11752,2020-09-22,MD,120912,344,0.0,4020,3863.0,157.0,5,0.0,09/24/2020 12:00:00 AM
18254,2020-09-23,MD,121297,385,0.0,4024,3867.0,157.0,4,0.0,09/25/2020 12:00:00 AM
27133,2020-09-24,MD,121800,503,0.0,4036,3879.0,157.0,12,0.0,09/26/2020 12:00:00 AM
11751,2020-09-25,MD,122359,559,0.0,4040,3882.0,158.0,4,1.0,09/27/2020 12:00:00 AM
33406,2020-09-26,MD,122972,613,0.0,4048,3890.0,158.0,8,0.0,09/28/2020 12:00:00 AM
30685,2020-09-27,MD,123403,431,0.0,4055,3897.0,158.0,7,0.0,09/29/2020 12:00:00 AM
12539,2020-09-28,MD,123880,477,0.0,4060,3902.0,158.0,5,0.0,09/30/2020 12:00:00 AM
11453,2020-09-29,MD,124311,431,0.0,4067,3909.0,158.0,7,0.0,10/01/2020 12:00:00 AM
15049,2020-09-30,MD,124725,414,0.0,4070,3912.0,158.0,3,0.0,10/02/2020 12:00:00 AM
25597,2020-10-01,MD,125510,785,0.0,4072,3914.0,158.0,2,0.0,10/03/2020 12:00:00 AM
15886,2020-10-02,MD,126222,712,0.0,4080,3922.0,158.0,8,0.0,10/04/2020 12:00:00 AM
16320,2020-10-03,MD,126819,597,0.0,4089,3930.0,159.0,9,1.0,10/05/2020 12:00:00 AM
13260,2020-10-04,MD,127290,471,0.0,4092,3933.0,159.0,3,0.0,10/06/2020 12:00:00 AM
14150,2020-10-05,MD,127791,501,0.0,4098,3939.0,159.0,6,0.0,10/07/2020 12:00:00 AM
16641,2020-10-06,MD,128204,413,0.0,4105,3946.0,159.0,7,0.0,10/08/2020 12:00:00 AM
27496,2020-10-07,MD,128664,460,0.0,4112,3953.0,159.0,7,0.0,10/09/2020 12:00:00 AM
15528,2020-10-08,MD,129425,761,0.0,4122,3963.0,159.0,10,0.0,10/10/2020 12:00:00 AM
15029,2020-10-09,MD,130159,734,0.0,4128,3969.0,159.0,6,0.0,10/11/2020 12:00:00 AM
27576,2020-10-10,MD,130795,636,0.0,4136,3977.0,159.0,8,0.0,10/12/2020 12:00:00 AM
12091,2020-10-11,MD,131357,562,0.0,4141,3982.0,159.0,5,0.0,10/13/2020 12:00:00 AM
14210,2020-10-12,MD,131861,504,0.0,4147,3988.0,159.0,6,0.0,10/14/2020 12:00:00 AM
30627,2020-10-13,MD,132343,482,0.0,4150,3991.0,159.0,3,0.0,10/15/2020 12:00:00 AM
28742,2020-10-14,MD,132918,575,0.0,4160,4001.0,159.0,10,0.0,10/16/2020 12:00:00 AM
11143,2020-10-15,MD,133548,630,0.0,4165,4006.0,159.0,5,0.0,10/17/2020 12:00:00 AM
18881,2020-10-16,MD,134329,781,0.0,4170,4011.0,159.0,5,0.0,10/18/2020 12:00:00 AM
16969,2020-10-17,MD,135127,798,0.0,4177,4018.0,159.0,7,0.0,10/19/2020 12:00:00 AM
32997,2020-10-18,MD,135657,530,0.0,4180,4021.0,159.0,3,0.0,10/20/2020 12:00:00 AM
32986,2020-10-19,MD,136154,497,0.0,4188,4029.0,159.0,8,0.0,10/21/2020 12:00:00 AM
32585,2020-10-20,MD,136744,590,0.0,4194,4035.0,159.0,6,0.0,10/22/2020 12:00:00 AM
19883,2020-10-21,MD,137236,492,0.0,4206,4047.0,159.0,12,0.0,10/23/2020 12:00:00 AM
13460,2020-10-22,MD,137979,743,0.0,4214,4055.0,159.0,8,0.0,10/24/2020 12:00:00 AM
16482,2020-10-23,MD,138691,712,0.0,4224,4065.0,159.0,10,0.0,10/25/2020 12:00:00 AM
32981,2020-10-24,MD,139487,796,0.0,4231,4072.0,159.0,7,0.0,10/26/2020 12:00:00 AM
10611,2020-10-25,MD,140279,792,0.0,4237,4078.0,159.0,6,0.0,10/27/2020 12:00:00 AM
15224,2020-10-26,MD,140844,565,0.0,4243,4084.0,159.0,6,0.0,10/28/2020 12:00:00 AM
17069,2020-10-27,MD,141741,897,0.0,4247,4088.0,159.0,4,0.0,10/29/2020 12:00:00 AM
32468,2020-10-28,MD,142425,684,0.0,4253,4094.0,159.0,6,0.0,10/30/2020 12:00:00 AM
27420,2020-10-29,MD,143387,962,0.0,4266,4106.0,160.0,13,1.0,10/31/2020 12:00:00 AM
12940,2020-10-30,MD,144314,927,0.0,4279,4119.0,160.0,13,0.0,11/01/2020 12:00:00 AM
30244,2020-10-31,MD,145281,967,0.0,4290,4129.0,161.0,11,1.0,11/02/2020 12:00:00 AM
19966,2020-11-01,MD,146145,864,0.0,4298,4137.0,161.0,8,0.0,11/03/2020 12:00:00 AM
29173,2020-11-02,MD,146995,850,0.0,4304,4142.0,162.0,6,1.0,11/04/2020 12:00:00 AM
31575,2020-11-03,MD,147766,771,0.0,4310,4148.0,162.0,6,0.0,11/05/2020 12:00:00 AM
25350,2020-11-04,MD,148766,1000,0.0,4323,4161.0,162.0,13,0.0,11/06/2020 12:00:00 AM
18006,2020-11-05,MD,149964,1198,0.0,4334,4172.0,162.0,11,0.0,11/07/2020 12:00:00 AM
17693,2020-11-06,MD,151505,1541,0.0,4348,4186.0,162.0,14,0.0,11/08/2020 12:00:00 AM
14308,2020-11-07,MD,152915,1410,0.0,4361,4197.0,164.0,13,2.0,11/09/2020 12:00:00 AM
27440,2020-11-08,MD,153996,1081,0.0,4374,4210.0,164.0,13,0.0,11/10/2020 12:00:00 AM
12895,2020-11-09,MD,155371,1375,0.0,4383,4218.0,165.0,9,1.0,11/11/2020 12:00:00 AM
29338,2020-11-10,MD,156709,1338,0.0,4395,4230.0,165.0,12,0.0,11/12/2020 12:00:00 AM
30849,2020-11-11,MD,158423,1714,0.0,4410,4245.0,165.0,15,0.0,11/13/2020 12:00:00 AM
33402,2020-11-12,MD,159900,1477,0.0,4421,4256.0,165.0,11,0.0,11/14/2020 12:00:00 AM
25872,2020-11-13,MD,161769,1869,0.0,4439,4274.0,165.0,18,0.0,11/15/2020 12:00:00 AM
13562,2020-11-14,MD,164090,2321,0.0,4460,4294.0,166.0,21,1.0,11/16/2020 12:00:00 AM
13692,2020-11-15,MD,165930,1840,0.0,4472,4306.0,166.0,12,0.0,11/17/2020 12:00:00 AM
11098,2020-11-16,MD,167656,1726,0.0,4488,4322.0,166.0,16,0.0,11/18/2020 12:00:00 AM
27602,2020-11-17,MD,169805,2149,0.0,4504,4338.0,166.0,16,0.0,11/19/2020 12:00:00 AM
27320,2020-11-18,MD,171823,2018,0.0,4523,4357.0,166.0,19,0.0,11/20/2020 12:00:00 AM
12932,2020-11-19,MD,174733,2910,0.0,4545,4379.0,166.0,22,0.0,11/21/2020 12:00:00 AM
29001,2020-11-20,MD,177086,2353,0.0,4561,4395.0,166.0,16,0.0,11/22/2020 12:00:00 AM
17928,2020-11-21,MD,179971,2885,0.0,4582,4414.0,168.0,21,2.0,11/23/2020 12:00:00 AM
10715,2020-11-22,MD,182139,2168,0.0,4619,4450.0,169.0,37,1.0,11/24/2020 12:00:00 AM
12871,2020-11-23,MD,183797,1658,0.0,4639,4469.0,170.0,20,1.0,11/25/2020 12:00:00 AM
12232,2020-11-24,MD,185464,1667,0.0,4672,4501.0,171.0,33,1.0,11/26/2020 12:00:00 AM
17668,2020-11-25,MD,188161,2697,0.0,4701,4530.0,171.0,29,0.0,11/27/2020 12:00:00 AM
26711,2020-11-26,MD,190480,2319,0.0,4735,4564.0,171.0,34,0.0,11/28/2020 12:00:00 AM
14477,2020-11-27,MD,192858,2378,0.0,4766,4595.0,171.0,31,0.0,11/29/2020 12:00:00 AM
18998,2020-11-28,MD,194448,1590,0.0,4801,4630.0,171.0,35,0.0,11/30/2020 12:00:00 AM
19559,2020-11-29,MD,196447,1999,0.0,4834,4662.0,172.0,33,1.0,12/01/2020 12:00:00 AM
11173,2020-11-30,MD,198370,1923,0.0,4858,4685.0,173.0,24,1.0,12/02/2020 12:00:00 AM
13114,2020-12-01,MD,201135,2765,0.0,4891,4718.0,173.0,33,0.0,12/03/2020 12:00:00 AM
19046,2020-12-02,MD,203355,2220,0.0,4934,4760.0,174.0,43,1.0,12/04/2020 12:00:00 AM
33758,2020-12-03,MD,205399,2044,0.0,4976,4802.0,174.0,42,0.0,12/05/2020 12:00:00 AM
11815,2020-12-04,MD,209191,3792,0.0,5006,4831.0,175.0,30,1.0,12/06/2020 12:00:00 AM
33157,2020-12-05,MD,212384,3193,0.0,5042,4866.0,176.0,36,1.0,12/07/2020 12:00:00 AM
28403,2020-12-06,MD,215027,2643,0.0,5078,4901.0,177.0,36,1.0,12/08/2020 12:00:00 AM
26802,2020-12-07,MD,217329,2302,0.0,5119,4941.0,178.0,41,1.0,12/09/2020 12:00:00 AM
19243,2020-12-08,MD,219961,2632,0.0,5165,4985.0,180.0,46,2.0,12/10/2020 12:00:00 AM
13570,2020-12-09,MD,222653,2692,0.0,5212,5032.0,180.0,47,0.0,12/11/2020 12:00:00 AM
12307,2020-12-10,MD,225855,3202,0.0,5256,5075.0,181.0,44,1.0,12/12/2020 12:00:00 AM
33732,2020-12-11,MD,228471,2616,0.0,5309,5128.0,181.0,53,0.0,12/13/2020 12:00:00 AM
33716,2020-12-12,MD,232009,3538,0.0,5360,5178.0,182.0,51,1.0,12/14/2020 12:00:00 AM
30047,2020-12-13,MD,234647,2638,0.0,5410,5228.0,182.0,50,0.0,12/15/2020 12:00:00 AM
25353,2020-12-14,MD,236961,2314,0.0,5450,5268.0,182.0,40,0.0,12/16/2020 12:00:00 AM
14621,2020-12-15,MD,239362,2401,0.0,5502,5318.0,184.0,52,2.0,12/17/2020 12:00:00 AM
26703,2020-12-16,MD,241767,2405,0.0,5551,5366.0,185.0,49,1.0,12/18/2020 12:00:00 AM
32756,2020-12-17,MD,243984,2217,0.0,5606,5420.0,186.0,55,1.0,12/19/2020 12:00:00 AM
26720,2020-12-18,MD,246553,2569,0.0,5651,5465.0,186.0,45,0.0,12/20/2020 12:00:00 AM
26588,2020-12-19,MD,248754,2201,0.0,5709,5523.0,186.0,58,0.0,12/21/2020 12:00:00 AM
16170,2020-12-20,MD,250808,2054,0.0,5760,5574.0,186.0,51,0.0,12/22/2020 12:00:00 AM
31856,2020-12-21,MD,253073,2265,0.0,5790,5604.0,186.0,30,0.0,12/23/2020 12:00:00 AM
28399,2020-12-22,MD,255397,2324,0.0,5840,5654.0,186.0,50,0.0,12/24/2020 12:00:00 AM
27010,2020-12-23,MD,257862,2465,0.0,5889,5702.0,187.0,49,1.0,12/25/2020 12:00:00 AM
25320,2020-12-24,MD,260728,2866,0.0,5931,5744.0,187.0,42,0.0,12/26/2020 12:00:00 AM
11273,2020-12-25,MD,263160,2432,0.0,5974,5786.0,188.0,43,1.0,12/27/2020 12:00:00 AM
15655,2020-12-26,MD,265440,2280,0.0,6009,5820.0,189.0,35,1.0,12/28/2020 12:00:00 AM
29466,2020-12-27,MD,267198,1758,0.0,6061,5872.0,189.0,52,0.0,12/29/2020 12:00:00 AM
18569,2020-12-28,MD,269183,1985,0.0,6103,5914.0,189.0,42,0.0,12/30/2020 12:00:00 AM
17590,2020-12-29,MD,271061,1878,0.0,6156,5967.0,189.0,53,0.0,12/31/2020 12:00:00 AM
33767,2020-12-30,MD,273689,2628,0.0,6208,6018.0,190.0,52,1.0,01/01/2021 12:00:00 AM
32684,2020-12-31,MD,276662,2973,0.0,6257,6067.0,190.0,49,0.0,01/02/2021 12:00:00 AM
11654,2021-01-01,MD,280219,3557,0.0,6300,6110.0,190.0,43,0.0,01/03/2021 12:00:00 AM
16051,2021-01-02,MD,283171,2952,0.0,6342,6152.0,190.0,42,0.0,01/04/2021 12:00:00 AM
25446,2021-01-03,MD,285319,2148,0.0,6386,6196.0,190.0,44,0.0,01/05/2021 12:00:00 AM
11344,2021-01-04,MD,287802,2483,0.0,6430,6240.0,190.0,44,0.0,01/06/2021 12:00:00 AM
32372,2021-01-05,MD,289758,1956,0.0,6468,6277.0,191.0,38,1.0,01/07/2021 12:00:00 AM
34779,2021-01-06,MD,292904,3146,0.0,6513,6321.0,192.0,45,1.0,01/08/2021 12:00:00 AM
31033,2021-01-07,MD,295874,2970,0.0,6550,6358.0,192.0,37,0.0,01/09/2021 12:00:00 AM
14190,2021-01-08,MD,299606,3732,0.0,6579,6386.0,193.0,29,1.0,01/10/2021 12:00:00 AM
32901,2021-01-09,MD,303364,3758,0.0,6627,6434.0,193.0,48,0.0,01/11/2021 12:00:00 AM
32494,2021-01-10,MD,306674,3310,0.0,6671,6478.0,193.0,44,0.0,01/12/2021 12:00:00 AM
34732,2021-01-11,MD,309686,3012,0.0,6707,6514.0,193.0,36,0.0,01/13/2021 12:00:00 AM
28980,2021-01-12,MD,312351,2665,0.0,6755,6562.0,193.0,48,0.0,01/14/2021 12:00:00 AM
13569,2021-01-13,MD,314867,2516,0.0,6811,6618.0,193.0,56,0.0,01/15/2021 12:00:00 AM
18643,2021-01-14,MD,317815,2948,0.0,6846,6653.0,193.0,35,0.0,01/16/2021 12:00:00 AM
34585,2021-01-15,MD,320739,2924,0.0,6897,6704.0,193.0,51,0.0,01/17/2021 12:00:00 AM
15362,2021-01-16,MD,324031,3292,0.0,6939,6746.0,193.0,42,0.0,01/18/2021 12:00:00 AM
18758,2021-01-17,MD,326445,2414,0.0,6980,6786.0,194.0,41,1.0,01/19/2021 12:00:00 AM
26933,2021-01-18,MD,328214,1769,0.0,7029,6835.0,194.0,49,0.0,01/20/2021 12:00:00 AM
18089,2021-01-19,MD,330186,1972,0.0,7083,6888.0,195.0,54,1.0,01/21/2021 12:00:00 AM
18668,2021-01-20,MD,332353,2167,0.0,7132,6937.0,195.0,49,0.0,01/22/2021 12:00:00 AM
31689,2021-01-21,MD,334519,2166,0.0,7178,6983.0,195.0,46,0.0,01/23/2021 12:00:00 AM
27026,2021-01-22,MD,336915,2396,0.0,7222,7027.0,195.0,44,0.0,01/24/2021 12:00:00 AM
19944,2021-01-23,MD,339307,2392,0.0,7262,7067.0,195.0,40,0.0,01/25/2021 12:00:00 AM
15487,2021-01-24,MD,341452,2145,0.0,7306,7110.0,196.0,44,1.0,01/26/2021 12:00:00 AM
18906,2021-01-25,MD,343138,1686,0.0,7359,7163.0,196.0,53,0.0,01/27/2021 12:00:00 AM
11087,2021-01-26,MD,344620,1482,0.0,7407,7210.0,197.0,48,1.0,01/28/2021 12:00:00 AM
29835,2021-01-27,MD,346559,1939,0.0,7444,7246.0,198.0,37,1.0,01/29/2021 12:00:00 AM
30399,2021-01-28,MD,348749,2190,0.0,7487,7289.0,198.0,43,0.0,01/30/2021 12:00:00 AM
26194,2021-01-29,MD,350629,1880,0.0,7521,7323.0,198.0,34,0.0,01/31/2021 12:00:00 AM
30230,2021-01-30,MD,352726,2097,0.0,7552,7354.0,198.0,31,0.0,02/01/2021 12:00:00 AM
29030,2021-01-31,MD,354473,1747,0.0,7588,7390.0,198.0,36,0.0,02/02/2021 12:00:00 AM
31404,2021-02-01,MD,355636,1163,0.0,7619,7420.0,199.0,31,1.0,02/03/2021 12:00:00 AM
32591,2021-02-02,MD,356541,905,0.0,7651,7451.0,200.0,32,1.0,02/04/2021 12:00:00 AM
19273,2021-02-03,MD,357483,942,0.0,7670,7469.0,201.0,19,1.0,02/05/2021 12:00:00 AM
26523,2021-02-04,MD,359037,1554,0.0,7723,7522.0,201.0,53,0.0,02/06/2021 12:00:00 AM
33477,2021-02-05,MD,360584,1547,0.0,7754,7553.0,201.0,31,0.0,02/07/2021 12:00:00 AM
12189,2021-02-06,MD,362084,1500,0.0,7789,7588.0,201.0,35,0.0,02/08/2021 12:00:00 AM
32027,2021-02-07,MD,363650,1566,0.0,7812,7611.0,201.0,23,0.0,02/09/2021 12:00:00 AM
19847,2021-02-08,MD,364553,903,0.0,7849,7648.0,201.0,37,0.0,02/10/2021 12:00:00 AM
15804,2021-02-09,MD,365529,976,0.0,7894,7693.0,201.0,45,0.0,02/11/2021 12:00:00 AM
34393,2021-02-10,MD,366666,1137,0.0,7929,7728.0,201.0,35,0.0,02/12/2021 12:00:00 AM
16873,2021-02-11,MD,367865,1199,0.0,7962,7761.0,201.0,33,0.0,02/13/2021 12:00:00 AM
29442,2021-02-12,MD,368977,1112,0.0,7990,7788.0,202.0,28,1.0,02/14/2021 12:00:00 AM
12421,2021-02-13,MD,370136,1159,0.0,8019,7817.0,202.0,29,0.0,02/15/2021 12:00:00 AM
31987,2021-02-14,MD,370983,847,0.0,8045,7843.0,202.0,26,0.0,02/16/2021 12:00:00 AM
17594,2021-02-15,MD,371705,722,0.0,8079,7876.0,203.0,34,1.0,02/17/2021 12:00:00 AM
13441,2021-02-16,MD,372221,516,0.0,8101,7898.0,203.0,22,0.0,02/18/2021 12:00:00 AM
20012,2021-02-17,MD,372980,759,0.0,8128,7925.0,203.0,27,0.0,02/19/2021 12:00:00 AM
25573,2021-02-18,MD,373966,986,0.0,8155,7952.0,203.0,27,0.0,02/20/2021 12:00:00 AM
34713,2021-02-19,MD,374974,1008,0.0,8179,7975.0,204.0,24,1.0,02/21/2021 12:00:00 AM
13637,2021-02-20,MD,375737,763,0.0,8207,8003.0,204.0,28,0.0,02/22/2021 12:00:00 AM
11215,2021-02-21,MD,376355,618,0.0,8233,8029.0,204.0,26,0.0,02/23/2021 12:00:00 AM
29501,2021-02-22,MD,376966,611,0.0,8261,8057.0,204.0,28,0.0,02/24/2021 12:00:00 AM
28237,2021-02-23,MD,377628,662,0.0,8288,8084.0,204.0,27,0.0,02/25/2021 12:00:00 AM
13612,2021-02-24,MD,378490,862,0.0,8301,8097.0,204.0,13,0.0,02/26/2021 12:00:00 AM
16234,2021-02-25,MD,379466,976,0.0,8323,8119.0,204.0,22,0.0,02/27/2021 12:00:00 AM
15731,2021-02-26,MD,380436,970,0.0,8353,8149.0,204.0,30,0.0,02/28/2021 12:00:00 AM
13363,2021-02-27,MD,381272,836,0.0,8368,8164.0,204.0,15,0.0,03/01/2021 12:00:00 AM
12449,2021-02-28,MD,382099,827,0.0,8382,8178.0,204.0,14,0.0,03/02/2021 12:00:00 AM
33350,2021-03-01,MD,382702,603,0.0,8397,8193.0,204.0,15,0.0,03/03/2021 12:00:00 AM
17714,2021-03-02,MD,383170,468,0.0,8408,8204.0,204.0,11,0.0,03/04/2021 12:00:00 AM
34715,2021-03-03,MD,383956,786,0.0,8419,8215.0,204.0,11,0.0,03/05/2021 12:00:00 AM
17426,2021-03-04,MD,384765,809,0.0,8431,8227.0,204.0,12,0.0,03/06/2021 12:00:00 AM
30388,2021-03-05,MD,385678,913,0.0,8441,8237.0,204.0,10,0.0,03/07/2021 12:00:00 AM
34696,2021-03-06,MD,386610,932,0.0,8458,8254.0,204.0,17,0.0,03/08/2021 12:00:00 AM
33040,2021-03-07,MD,387319,709,0.0,8475,8271.0,204.0,17,0.0,03/09/2021 12:00:00 AM
17620,2021-03-08,MD,388035,716,0.0,8491,8287.0,204.0,16,0.0,03/10/2021 12:00:00 AM
29290,2021-03-09,MD,388666,631,0.0,8515,8311.0,204.0,24,0.0,03/11/2021 12:00:00 AM
30173,2021-03-10,MD,389566,900,0.0,8530,8326.0,204.0,15,0.0,03/12/2021 12:00:00 AM
26549,2021-03-11,MD,390490,924,0.0,8549,8345.0,204.0,19,0.0,03/13/2021 12:00:00 AM
30960,2021-03-12,MD,391480,990,0.0,8562,8358.0,204.0,13,0.0,03/14/2021 12:00:00 AM
27281,2021-03-13,MD,392581,1101,0.0,8571,8367.0,204.0,9,0.0,03/15/2021 12:00:00 AM
27436,2021-03-14,MD,393441,860,0.0,8587,8383.0,204.0,16,0.0,03/16/2021 12:00:00 AM
14193,2021-03-15,MD,394058,617,0.0,8599,8395.0,204.0,12,0.0,03/17/2021 12:00:00 AM
29887,2021-03-16,MD,394716,658,0.0,8618,8412.0,206.0,19,2.0,03/18/2021 12:00:00 AM
28229,2021-03-17,MD,395633,917,0.0,8640,8434.0,206.0,22,0.0,03/19/2021 12:00:00 AM
30765,2021-03-18,MD,396746,1113,0.0,8655,8449.0,206.0,15,0.0,03/20/2021 12:00:00 AM
12521,2021-03-19,MD,397898,1152,0.0,8668,8461.0,207.0,13,1.0,03/21/2021 12:00:00 AM
12750,2021-03-20,MD,399016,1118,0.0,8687,8480.0,207.0,19,0.0,03/22/2021 12:00:00 AM
13920,2021-03-21,MD,400023,1007,0.0,8705,8498.0,207.0,18,0.0,03/23/2021 12:00:00 AM
31812,2021-03-22,MD,400705,682,0.0,8721,8514.0,207.0,16,0.0,03/24/2021 12:00:00 AM
29276,2021-03-23,MD,401427,722,0.0,8736,8529.0,207.0,15,0.0,03/25/2021 12:00:00 AM
32738,2021-03-24,MD,402600,1173,0.0,8751,8544.0,207.0,15,0.0,03/26/2021 12:00:00 AM
26563,2021-03-25,MD,403982,1382,0.0,8763,8556.0,207.0,12,0.0,03/27/2021 12:00:00 AM
33864,2021-03-26,MD,405343,1361,0.0,8772,8564.0,208.0,9,1.0,03/28/2021 12:00:00 AM
29759,2021-03-27,MD,406709,1366,0.0,8788,8580.0,208.0,16,0.0,03/29/2021 12:00:00 AM
19949,2021-03-28,MD,408044,1335,0.0,8797,8589.0,208.0,9,0.0,03/30/2021 12:00:00 AM
15280,2021-03-29,MD,409075,1031,0.0,8812,8604.0,208.0,15,0.0,03/31/2021 12:00:00 AM
12764,2021-03-30,MD,409978,903,0.0,8821,8613.0,208.0,9,0.0,04/01/2021 12:00:00 AM
15529,2021-03-31,MD,411344,1366,0.0,8838,8630.0,208.0,17,0.0,04/02/2021 12:00:00 AM
30639,2021-04-01,MD,412928,1584,0.0,8858,8650.0,208.0,20,0.0,04/03/2021 12:00:00 AM
27231,2021-04-02,MD,414385,1457,0.0,8876,8668.0,208.0,18,0.0,04/04/2021 12:00:00 AM
16642,2021-04-03,MD,415660,1275,0.0,8892,8684.0,208.0,16,0.0,04/05/2021 12:00:00 AM
18660,2021-04-04,MD,417329,1669,0.0,8907,8699.0,208.0,15,0.0,04/06/2021 12:00:00 AM
12367,2021-04-05,MD,418188,859,0.0,8923,8714.0,209.0,16,1.0,04/07/2021 12:00:00 AM
31490,2021-04-06,MD,419055,867,0.0,8938,8729.0,209.0,15,0.0,04/08/2021 12:00:00 AM
14188,2021-04-07,MD,420526,1471,0.0,8954,8745.0,209.0,16,0.0,04/09/2021 12:00:00 AM
13671,2021-04-08,MD,421823,1297,0.0,8971,8762.0,209.0,17,0.0,04/10/2021 12:00:00 AM
27901,2021-04-09,MD,423663,1840,0.0,8991,8782.0,209.0,20,0.0,04/11/2021 12:00:00 AM
20092,2021-04-10,MD,425247,1584,0.0,9010,8801.0,209.0,19,0.0,04/12/2021 12:00:00 AM
16722,2021-04-11,MD,426730,1483,0.0,9032,8822.0,210.0,22,1.0,04/13/2021 12:00:00 AM
29586,2021-04-12,MD,427715,985,0.0,9055,8845.0,210.0,23,0.0,04/14/2021 12:00:00 AM
31915,2021-04-13,MD,428799,1084,0.0,9066,8856.0,210.0,11,0.0,04/15/2021 12:00:00 AM
15146,2021-04-14,MD,430351,1552,0.0,9081,8871.0,210.0,15,0.0,04/16/2021 12:00:00 AM
27294,2021-04-15,MD,431795,1444,0.0,9101,8891.0,210.0,20,0.0,04/17/2021 12:00:00 AM
32964,2021-04-16,MD,433359,1564,0.0,9112,8902.0,210.0,11,0.0,04/18/2021 12:00:00 AM
25887,2021-04-17,MD,434859,1500,0.0,9123,8913.0,210.0,11,0.0,04/19/2021 12:00:00 AM
31796,2021-04-18,MD,436028,1169,0.0,9139,8929.0,210.0,16,0.0,04/20/2021 12:00:00 AM
18639,2021-04-19,MD,436659,631,0.0,9157,8946.0,211.0,18,1.0,04/21/2021 12:00:00 AM
17917,2021-04-20,MD,437584,925,0.0,9177,8966.0,211.0,20,0.0,04/22/2021 12:00:00 AM
34877,2021-04-21,MD,438789,1205,0.0,9198,8987.0,211.0,21,0.0,04/23/2021 12:00:00 AM
26241,2021-04-22,MD,439992,1203,0.0,9219,9007.0,212.0,21,1.0,04/24/2021 12:00:00 AM
30237,2021-04-23,MD,441155,1163,0.0,9230,9018.0,212.0,11,0.0,04/25/2021 12:00:00 AM
31475,2021-04-24,MD,442351,1196,0.0,9248,9036.0,212.0,18,0.0,04/26/2021 12:00:00 AM
31517,2021-04-25,MD,443257,906,0.0,9263,9049.0,214.0,15,2.0,04/27/2021 12:00:00 AM
20145,2021-04-26,MD,443814,557,0.0,9274,9060.0,214.0,11,0.0,04/28/2021 12:00:00 AM
16997,2021-04-27,MD,444491,677,0.0,9296,9082.0,214.0,22,0.0,04/29/2021 12:00:00 AM
16763,2021-04-28,MD,445493,1002,0.0,9305,9091.0,214.0,9,0.0,04/30/2021 12:00:00 AM
16387,2021-04-29,MD,446459,966,0.0,9322,9108.0,214.0,17,0.0,05/01/2021 12:00:00 AM
29820,2021-04-30,MD,447401,942,0.0,9343,9129.0,214.0,21,0.0,05/02/2021 12:00:00 AM
34004,2021-05-01,MD,448340,939,0.0,9359,9145.0,214.0,16,0.0,05/03/2021 12:00:00 AM
26794,2021-05-02,MD,448989,649,0.0,9372,9158.0,214.0,13,0.0,05/04/2021 12:00:00 AM
31836,2021-05-03,MD,449509,520,0.0,9392,9178.0,214.0,20,0.0,05/05/2021 12:00:00 AM
30596,2021-05-04,MD,450010,501,0.0,9402,9188.0,214.0,10,0.0,05/06/2021 12:00:00 AM
19713,2021-05-05,MD,450689,679,0.0,9414,9200.0,214.0,12,0.0,05/07/2021 12:00:00 AM
29729,2021-05-06,MD,451267,578,0.0,9424,9210.0,214.0,10,0.0,05/08/2021 12:00:00 AM
25769,2021-05-07,MD,452035,768,0.0,9434,9220.0,214.0,10,0.0,05/09/2021 12:00:00 AM
11398,2021-05-08,MD,452691,656,0.0,9442,9228.0,214.0,8,0.0,05/10/2021 12:00:00 AM
31742,2021-05-09,MD,453125,434,0.0,9455,9241.0,214.0,13,0.0,05/11/2021 12:00:00 AM
17292,2021-05-10,MD,453401,276,0.0,9469,9255.0,214.0,14,0.0,05/12/2021 12:00:00 AM
16744,2021-05-11,MD,453800,399,0.0,9476,9262.0,214.0,7,0.0,05/13/2021 12:00:00 AM
14173,2021-05-12,MD,454271,471,0.0,9486,9272.0,214.0,10,0.0,05/14/2021 12:00:00 AM
31037,2021-05-13,MD,454745,474,0.0,9505,9291.0,214.0,19,0.0,05/15/2021 12:00:00 AM
20050,2021-05-14,MD,455257,512,0.0,9520,9306.0,214.0,15,0.0,05/16/2021 12:00:00 AM
17949,2021-05-15,MD,455635,378,0.0,9531,9317.0,214.0,11,0.0,05/17/2021 12:00:00 AM
27864,2021-05-16,MD,456004,369,0.0,9534,9320.0,214.0,3,0.0,05/18/2021 12:00:00 AM
15787,2021-05-17,MD,456216,212,0.0,9545,9331.0,214.0,11,0.0,05/19/2021 12:00:00 AM
12019,2021-05-18,MD,456428,212,0.0,9558,9344.0,214.0,13,0.0,05/20/2021 12:00:00 AM
16469,2021-05-19,MD,456765,337,0.0,9567,9353.0,214.0,9,0.0,05/21/2021 12:00:00 AM
29310,2021-05-20,MD,457084,319,0.0,9578,9364.0,214.0,11,0.0,05/22/2021 12:00:00 AM
10987,2021-05-21,MD,457527,443,0.0,9595,9381.0,214.0,17,0.0,05/23/2021 12:00:00 AM
26911,2021-05-22,MD,458048,521,0.0,9602,9388.0,214.0,7,0.0,05/24/2021 12:00:00 AM
19023,2021-05-23,MD,458292,244,0.0,9611,9397.0,214.0,9,0.0,05/25/2021 12:00:00 AM
13198,2021-05-24,MD,458520,228,0.0,9614,9400.0,214.0,3,0.0,05/26/2021 12:00:00 AM
10836,2021-05-25,MD,458680,160,0.0,9625,9411.0,214.0,11,0.0,05/27/2021 12:00:00 AM
32414,2021-05-26,MD,458878,198,0.0,9633,9419.0,214.0,8,0.0,05/28/2021 12:00:00 AM
10845,2021-05-27,MD,459095,217,0.0,9642,9428.0,214.0,9,0.0,05/29/2021 12:00:00 AM
31174,2021-05-28,MD,459343,248,0.0,9652,9438.0,214.0,10,0.0,05/30/2021 12:00:00 AM
26851,2021-05-29,MD,459528,185,0.0,9658,9444.0,214.0,6,0.0,05/31/2021 12:00:00 AM
13697,2021-05-30,MD,459777,249,0.0,9668,9454.0,214.0,10,0.0,06/01/2021 12:00:00 AM
26623,2021-05-31,MD,459894,117,0.0,9673,9459.0,214.0,5,0.0,06/02/2021 12:00:00 AM
18034,2021-06-01,MD,459995,101,0.0,9676,9462.0,214.0,3,0.0,06/03/2021 12:00:00 AM
11736,2021-06-02,MD,460060,65,0.0,9681,9466.0,215.0,5,1.0,06/04/2021 12:00:00 AM
18502,2021-06-03,MD,460194,134,0.0,9684,9468.0,216.0,3,1.0,06/05/2021 12:00:00 AM
28631,2021-06-04,MD,460339,145,0.0,9690,9474.0,216.0,6,0.0,06/06/2021 12:00:00 AM
19177,2021-06-05,MD,460471,132,0.0,9696,9479.0,217.0,6,1.0,06/07/2021 12:00:00 AM
27289,2021-06-06,MD,460575,104,0.0,9702,9485.0,217.0,6,0.0,06/08/2021 12:00:00 AM
18919,2021-06-07,MD,460659,84,0.0,9706,9489.0,217.0,4,0.0,06/09/2021 12:00:00 AM
34446,2021-06-08,MD,460737,78,0.0,9708,9491.0,217.0,2,0.0,06/10/2021 12:00:00 AM
29899,2021-06-09,MD,460863,126,0.0,9714,9497.0,217.0,6,0.0,06/11/2021 12:00:00 AM
27780,2021-06-10,MD,460984,121,0.0,9719,9502.0,217.0,5,0.0,06/12/2021 12:00:00 AM
29371,2021-06-11,MD,461097,113,0.0,9725,9508.0,217.0,6,0.0,06/13/2021 12:00:00 AM
17344,2021-06-12,MD,461183,86,0.0,9728,9511.0,217.0,3,0.0,06/14/2021 12:00:00 AM
18723,2021-06-13,MD,461265,82,0.0,9730,9513.0,217.0,2,0.0,06/15/2021 12:00:00 AM
14626,2021-06-14,MD,461325,60,0.0,9732,9515.0,217.0,2,0.0,06/16/2021 12:00:00 AM
16602,2021-06-15,MD,461392,67,0.0,9737,9520.0,217.0,5,0.0,06/17/2021 12:00:00 AM
11561,2021-06-16,MD,461470,78,0.0,9740,9523.0,217.0,3,0.0,06/18/2021 12:00:00 AM
31935,2021-06-17,MD,461549,79,0.0,9743,9526.0,217.0,3,0.0,06/19/2021 12:00:00 AM
14951,2021-06-18,MD,461635,86,0.0,9748,9531.0,217.0,5,0.0,06/20/2021 12:00:00 AM
13135,2021-06-19,MD,461697,62,0.0,9752,9535.0,217.0,4,0.0,06/21/2021 12:00:00 AM
27932,2021-06-20,MD,461739,42,0.0,9754,9537.0,217.0,2,0.0,06/22/2021 12:00:00 AM
25907,2021-06-21,MD,461779,40,0.0,9758,9541.0,217.0,4,0.0,06/23/2021 12:00:00 AM
28068,2021-06-22,MD,461828,49,0.0,9764,9547.0,217.0,6,0.0,06/24/2021 12:00:00 AM
32201,2021-06-23,MD,461887,59,0.0,9766,9549.0,217.0,2,0.0,06/25/2021 12:00:00 AM
17847,2021-06-24,MD,461953,66,0.0,9768,9551.0,217.0,2,0.0,06/26/2021 12:00:00 AM
19138,2021-06-25,MD,462017,64,0.0,9770,9553.0,217.0,2,0.0,06/27/2021 12:00:00 AM
12840,2021-06-26,MD,462078,61,0.0,9774,9557.0,217.0,4,0.0,06/28/2021 12:00:00 AM
13603,2021-06-27,MD,462144,66,0.0,9777,9560.0,217.0,3,0.0,06/29/2021 12:00:00 AM
13048,2021-06-28,MD,462181,37,0.0,9778,9561.0,217.0,1,0.0,06/30/2021 12:00:00 AM
15545,2021-06-29,MD,462217,36,0.0,9779,9562.0,217.0,1,0.0,07/01/2021 12:00:00 AM
17777,2021-06-30,MD,462279,62,0.0,9779,9562.0,217.0,0,0.0,07/02/2021 12:00:00 AM
30126,2021-07-01,MD,462354,75,0.0,9783,9566.0,217.0,4,0.0,07/03/2021 12:00:00 AM
25403,2021-07-02,MD,462439,85,0.0,9788,9571.0,217.0,5,0.0,07/04/2021 12:00:00 AM
25297,2021-07-03,MD,462535,96,0.0,9790,9573.0,217.0,2,0.0,07/05/2021 12:00:00 AM
17896,2021-07-04,MD,462596,61,0.0,9792,9575.0,217.0,2,0.0,07/06/2021 12:00:00 AM
32900,2021-07-05,MD,462634,38,0.0,9793,9576.0,217.0,1,0.0,07/07/2021 12:00:00 AM
12100,2021-07-06,MD,462681,47,0.0,9794,9577.0,217.0,1,0.0,07/08/2021 12:00:00 AM
30978,2021-07-07,MD,462736,55,0.0,9795,9578.0,217.0,1,0.0,07/09/2021 12:00:00 AM
16424,2021-07-08,MD,462835,99,0.0,9797,9580.0,217.0,2,0.0,07/10/2021 12:00:00 AM
11860,2021-07-09,MD,462980,145,0.0,9799,9582.0,217.0,2,0.0,07/11/2021 12:00:00 AM
29698,2021-07-10,MD,463107,127,0.0,9799,9582.0,217.0,0,0.0,07/12/2021 12:00:00 AM
31042,2021-07-11,MD,463186,79,0.0,9800,9583.0,217.0,1,0.0,07/13/2021 12:00:00 AM
31626,2021-07-12,MD,463265,79,0.0,9800,9583.0,217.0,0,0.0,07/14/2021 12:00:00 AM
15256,2021-07-13,MD,463383,118,0.0,9803,9586.0,217.0,3,0.0,07/15/2021 12:00:00 AM
15920,2021-07-14,MD,463487,104,0.0,9807,9590.0,217.0,4,0.0,07/16/2021 12:00:00 AM
11466,2021-07-15,MD,463665,178,0.0,9808,9591.0,217.0,1,0.0,07/17/2021 12:00:00 AM
10769,2021-07-16,MD,463848,183,0.0,9811,9594.0,217.0,3,0.0,07/18/2021 12:00:00 AM
11164,2021-07-17,MD,464031,183,0.0,9814,9597.0,217.0,3,0.0,07/19/2021 12:00:00 AM
17902,2021-07-18,MD,464197,166,0.0,9816,9599.0,217.0,2,0.0,07/20/2021 12:00:00 AM
31336,2021-07-19,MD,464336,139,0.0,9819,9602.0,217.0,3,0.0,07/21/2021 12:00:00 AM
25214,2021-07-20,MD,464491,155,0.0,9822,9604.0,218.0,3,1.0,07/22/2021 12:00:00 AM
33591,2021-07-21,MD,464735,244,0.0,9825,9607.0,218.0,3,0.0,07/23/2021 12:00:00 AM
15281,2021-07-22,MD,465038,303,0.0,9826,9608.0,218.0,1,0.0,07/24/2021 12:00:00 AM
12183,2021-07-23,MD,465326,288,0.0,9830,9611.0,219.0,4,1.0,07/25/2021 12:00:00 AM
13339,2021-07-24,MD,465643,317,0.0,9831,9612.0,219.0,1,0.0,07/26/2021 12:00:00 AM
15336,2021-07-25,MD,465949,306,0.0,9834,9615.0,219.0,3,0.0,07/27/2021 12:00:00 AM
18363,2021-07-26,MD,466205,256,0.0,9834,9615.0,219.0,0,0.0,07/28/2021 12:00:00 AM
32261,2021-07-27,MD,466514,309,0.0,9835,9616.0,219.0,1,0.0,07/29/2021 12:00:00 AM
27844,2021-07-28,MD,466930,416,0.0,9837,9618.0,219.0,2,0.0,07/30/2021 12:00:00 AM
12064,2021-07-29,MD,467435,505,0.0,9842,9623.0,219.0,5,0.0,07/31/2021 12:00:00 AM
14791,2021-07-30,MD,467961,526,0.0,9844,9625.0,219.0,2,0.0,08/01/2021 12:00:00 AM
27225,2021-07-31,MD,468548,587,0.0,9849,9629.0,220.0,5,1.0,08/02/2021 12:00:00 AM
16902,2021-08-01,MD,469095,547,0.0,9854,9634.0,220.0,5,0.0,08/03/2021 12:00:00 AM
13429,2021-08-02,MD,469542,447,0.0,9855,9635.0,220.0,1,0.0,08/04/2021 12:00:00 AM
26915,2021-08-03,MD,469910,368,0.0,9860,9640.0,220.0,5,0.0,08/05/2021 12:00:00 AM
14192,2021-08-04,MD,470605,695,0.0,9863,9643.0,220.0,3,0.0,08/06/2021 12:00:00 AM
17149,2021-08-05,MD,471334,729,0.0,9867,9647.0,220.0,4,0.0,08/07/2021 12:00:00 AM
15004,2021-08-06,MD,472224,890,0.0,9871,9651.0,220.0,4,0.0,08/08/2021 12:00:00 AM
26074,2021-08-07,MD,473116,892,0.0,9875,9655.0,220.0,4,0.0,08/09/2021 12:00:00 AM
19709,2021-08-08,MD,473969,853,0.0,9881,9660.0,221.0,6,1.0,08/10/2021 12:00:00 AM
17346,2021-08-09,MD,474555,586,0.0,9889,9668.0,221.0,8,0.0,08/11/2021 12:00:00 AM
29514,2021-08-10,MD,475184,629,0.0,9890,9669.0,221.0,1,0.0,08/12/2021 12:00:00 AM
30591,2021-08-11,MD,476070,886,0.0,9893,9672.0,221.0,3,0.0,08/13/2021 12:00:00 AM
19601,2021-08-12,MD,477117,1047,0.0,9898,9677.0,221.0,5,0.0,08/14/2021 12:00:00 AM
16100,2021-08-13,MD,478067,950,0.0,9902,9681.0,221.0,4,0.0,08/15/2021 12:00:00 AM
17462,2021-08-14,MD,479083,1016,0.0,9908,9687.0,221.0,6,0.0,08/16/2021 12:00:00 AM
18483,2021-08-15,MD,479952,869,0.0,9911,9690.0,221.0,3,0.0,08/17/2021 12:00:00 AM
32203,2021-08-16,MD,480718,766,0.0,9918,9697.0,221.0,7,0.0,08/18/2021 12:00:00 AM
19016,2021-08-17,MD,481569,851,0.0,9924,9703.0,221.0,6,0.0,08/19/2021 12:00:00 AM
19726,2021-08-18,MD,482581,1012,0.0,9930,9709.0,221.0,6,0.0,08/20/2021 12:00:00 AM
31348,2021-08-19,MD,483641,1060,0.0,9940,9718.0,222.0,10,1.0,08/21/2021 12:00:00 AM
27734,2021-08-20,MD,484847,1206,0.0,9950,9728.0,222.0,10,0.0,08/22/2021 12:00:00 AM
18115,2021-08-21,MD,485978,1131,0.0,9958,9736.0,222.0,8,0.0,08/23/2021 12:00:00 AM
17672,2021-08-22,MD,486968,990,0.0,9965,9743.0,222.0,7,0.0,08/24/2021 12:00:00 AM
31790,2021-08-23,MD,487893,925,0.0,9969,9747.0,222.0,4,0.0,08/25/2021 12:00:00 AM
29484,2021-08-24,MD,488740,847,0.0,9977,9755.0,222.0,8,0.0,08/26/2021 12:00:00 AM
31481,2021-08-25,MD,489930,1190,0.0,9986,9764.0,222.0,9,0.0,08/27/2021 12:00:00 AM
25996,2021-08-26,MD,491174,1244,0.0,9988,9766.0,222.0,2,0.0,08/28/2021 12:00:00 AM
11384,2021-08-27,MD,492547,1373,0.0,10001,9779.0,222.0,13,0.0,08/29/2021 12:00:00 AM
13323,2021-08-28,MD,493915,1368,0.0,10016,9794.0,222.0,15,0.0,08/30/2021 12:00:00 AM
27018,2021-08-29,MD,494982,1067,0.0,10024,9802.0,222.0,8,0.0,08/31/2021 12:00:00 AM
19526,2021-08-30,MD,495924,942,0.0,10031,9809.0,222.0,7,0.0,09/01/2021 12:00:00 AM
18062,2021-08-31,MD,497002,1078,0.0,10044,9822.0,222.0,13,0.0,09/02/2021 12:00:00 AM
27639,2021-09-01,MD,498376,1374,0.0,10057,9835.0,222.0,13,0.0,09/03/2021 12:00:00 AM
32629,2021-09-02,MD,499648,1272,0.0,10068,9845.0,223.0,11,1.0,09/04/2021 12:00:00 AM
34856,2021-09-03,MD,501035,1387,0.0,10084,9861.0,223.0,16,0.0,09/05/2021 12:00:00 AM
34288,2021-09-04,MD,502229,1194,0.0,10098,9875.0,223.0,14,0.0,09/06/2021 12:00:00 AM
13286,2021-09-05,MD,503034,805,0.0,10108,9885.0,223.0,10,0.0,09/07/2021 12:00:00 AM
27572,2021-09-06,MD,504061,1027,0.0,10125,9902.0,223.0,17,0.0,09/08/2021 12:00:00 AM
18176,2021-09-07,MD,504856,795,0.0,10139,9916.0,223.0,14,0.0,09/09/2021 12:00:00 AM
14425,2021-09-08,MD,505557,701,0.0,10150,9927.0,223.0,11,0.0,09/10/2021 12:00:00 AM
13408,2021-09-09,MD,506464,907,0.0,10161,9938.0,223.0,11,0.0,09/11/2021 12:00:00 AM
34232,2021-09-10,MD,508017,1553,0.0,10178,9955.0,223.0,17,0.0,09/12/2021 12:00:00 AM
14334,2021-09-11,MD,509393,1376,0.0,10193,9969.0,224.0,15,1.0,09/13/2021 12:00:00 AM
34160,2021-09-12,MD,510543,1150,0.0,10211,9987.0,224.0,18,0.0,09/14/2021 12:00:00 AM
13630,2021-09-13,MD,511646,1103,0.0,10227,10003.0,224.0,16,0.0,09/15/2021 12:00:00 AM
30887,2021-09-14,MD,512740,1094,0.0,10240,10015.0,225.0,13,1.0,09/16/2021 12:00:00 AM
15499,2021-09-15,MD,513929,1189,0.0,10256,10030.0,226.0,16,1.0,09/17/2021 12:00:00 AM
11269,2021-09-16,MD,515259,1330,0.0,10271,10045.0,226.0,15,0.0,09/18/2021 12:00:00 AM
34723,2021-09-17,MD,516784,1525,0.0,10282,10056.0,226.0,11,0.0,09/19/2021 12:00:00 AM
11308,2021-09-18,MD,518061,1277,0.0,10300,10073.0,227.0,18,1.0,09/20/2021 12:00:00 AM
15664,2021-09-19,MD,519097,1036,0.0,10314,10087.0,227.0,14,0.0,09/21/2021 12:00:00 AM
18694,2021-09-20,MD,520236,1139,0.0,10332,10105.0,227.0,18,0.0,09/22/2021 12:00:00 AM
31014,2021-09-21,MD,521210,974,0.0,10354,10127.0,227.0,22,0.0,09/23/2021 12:00:00 AM
11029,2021-09-22,MD,522355,1145,0.0,10372,10145.0,227.0,18,0.0,09/24/2021 12:00:00 AM
14945,2021-09-23,MD,523760,1405,0.0,10385,10158.0,227.0,13,0.0,09/25/2021 12:00:00 AM
14833,2021-09-24,MD,525123,1363,0.0,10394,10167.0,227.0,9,0.0,09/26/2021 12:00:00 AM
31273,2021-09-25,MD,526690,1567,0.0,10410,10182.0,228.0,16,1.0,09/27/2021 12:00:00 AM
17290,2021-09-26,MD,527804,1114,0.0,10430,10202.0,228.0,20,0.0,09/28/2021 12:00:00 AM
10736,2021-09-27,MD,528764,960,0.0,10437,10209.0,228.0,7,0.0,09/29/2021 12:00:00 AM
30127,2021-09-28,MD,529736,972,0.0,10446,10218.0,228.0,9,0.0,09/30/2021 12:00:00 AM
25417,2021-09-29,MD,530861,1125,0.0,10455,10227.0,228.0,9,0.0,10/01/2021 12:00:00 AM
19831,2021-09-30,MD,532340,1479,0.0,10466,10238.0,228.0,11,0.0,10/02/2021 12:00:00 AM
16146,2021-10-01,MD,533870,1530,0.0,10485,10257.0,228.0,19,0.0,10/03/2021 12:00:00 AM
17058,2021-10-02,MD,535157,1287,0.0,10500,10272.0,228.0,15,0.0,10/04/2021 12:00:00 AM
25931,2021-10-03,MD,536249,1092,0.0,10512,10284.0,228.0,12,0.0,10/05/2021 12:00:00 AM
31171,2021-10-04,MD,537327,1078,0.0,10525,10297.0,228.0,13,0.0,10/06/2021 12:00:00 AM
13334,2021-10-05,MD,537976,649,0.0,10544,10316.0,228.0,19,0.0,10/07/2021 12:00:00 AM
26945,2021-10-06,MD,539053,1077,0.0,10563,10335.0,228.0,19,0.0,10/08/2021 12:00:00 AM
17398,2021-10-07,MD,540451,1398,0.0,10578,10350.0,228.0,15,0.0,10/09/2021 12:00:00 AM
27600,2021-10-08,MD,541627,1176,0.0,10595,10367.0,228.0,17,0.0,10/10/2021 12:00:00 AM
30564,2021-10-09,MD,542886,1259,0.0,10614,10386.0,228.0,19,0.0,10/11/2021 12:00:00 AM
16867,2021-10-10,MD,544219,1333,0.0,10625,10397.0,228.0,11,0.0,10/12/2021 12:00:00 AM
28667,2021-10-11,MD,545028,809,0.0,10649,10419.0,230.0,24,2.0,10/13/2021 12:00:00 AM
29495,2021-10-12,MD,545439,411,0.0,10665,10435.0,230.0,16,0.0,10/14/2021 12:00:00 AM
26425,2021-10-13,MD,546552,1113,0.0,10681,10451.0,230.0,16,0.0,10/15/2021 12:00:00 AM
31169,2021-10-14,MD,547675,1123,0.0,10697,10467.0,230.0,16,0.0,10/16/2021 12:00:00 AM
29327,2021-10-15,MD,548743,1068,0.0,10710,10480.0,230.0,13,0.0,10/17/2021 12:00:00 AM
16353,2021-10-16,MD,549679,936,0.0,10725,10495.0,230.0,15,0.0,10/18/2021 12:00:00 AM
10965,2021-10-17,MD,550550,871,0.0,10737,10507.0,230.0,12,0.0,10/19/2021 12:00:00 AM
13722,2021-10-18,MD,551264,714,0.0,10749,10519.0,230.0,12,0.0,10/20/2021 12:00:00 AM
14274,2021-10-19,MD,551807,543,0.0,10764,10534.0,230.0,15,0.0,10/21/2021 12:00:00 AM
34178,2021-10-20,MD,552524,717,0.0,10783,10553.0,230.0,19,0.0,10/22/2021 12:00:00 AM
32958,2021-10-21,MD,553593,1069,0.0,10794,10564.0,230.0,11,0.0,10/23/2021 12:00:00 AM
13534,2021-10-22,MD,554456,863,0.0,10811,10581.0,230.0,17,0.0,10/24/2021 12:00:00 AM
33181,2021-10-23,MD,555366,910,0.0,10819,10589.0,230.0,8,0.0,10/25/2021 12:00:00 AM
14092,2021-10-24,MD,556083,717,0.0,10830,10600.0,230.0,11,0.0,10/26/2021 12:00:00 AM
17878,2021-10-25,MD,556595,512,0.0,10837,10607.0,230.0,7,0.0,10/27/2021 12:00:00 AM
16886,2021-10-26,MD,557192,597,0.0,10855,10625.0,230.0,18,0.0,10/28/2021 12:00:00 AM
34832,2021-10-27,MD,557923,731,0.0,10867,10637.0,230.0,12,0.0,10/29/2021 12:00:00 AM
16543,2021-10-28,MD,558852,929,0.0,10885,10655.0,230.0,18,0.0,10/30/2021 12:00:00 AM
13680,2021-10-29,MD,559763,911,0.0,10895,10665.0,230.0,10,0.0,10/31/2021 12:00:00 AM
25982,2021-10-30,MD,560634,871,0.0,10911,10681.0,230.0,16,0.0,11/01/2021 12:00:00 AM
30655,2021-10-31,MD,561270,636,0.0,10921,10691.0,230.0,10,0.0,11/02/2021 12:00:00 AM
33855,2021-11-01,MD,561718,448,0.0,10934,10704.0,230.0,13,0.0,11/03/2021 12:00:00 AM
33197,2021-11-02,MD,562200,482,0.0,10947,10717.0,230.0,13,0.0,11/04/2021 12:00:00 AM
26959,2021-11-03,MD,562896,696,0.0,10957,10727.0,230.0,10,0.0,11/05/2021 12:00:00 AM
25533,2021-11-04,MD,563696,800,0.0,10970,10739.0,231.0,13,1.0,11/06/2021 12:00:00 AM
14834,2021-11-05,MD,564564,868,0.0,10983,10752.0,231.0,13,0.0,11/07/2021 12:00:00 AM
12545,2021-11-06,MD,565355,791,0.0,10990,10759.0,231.0,7,0.0,11/08/2021 12:00:00 AM
30940,2021-11-07,MD,566082,727,0.0,11009,10778.0,231.0,19,0.0,11/09/2021 12:00:00 AM
13863,2021-11-08,MD,566637,555,0.0,11019,10788.0,231.0,10,0.0,11/10/2021 12:00:00 AM
34168,2021-11-09,MD,567085,448,0.0,11032,10801.0,231.0,13,0.0,11/11/2021 12:00:00 AM
31782,2021-11-10,MD,567929,844,0.0,11035,10804.0,231.0,3,0.0,11/12/2021 12:00:00 AM
19751,2021-11-11,MD,568914,985,0.0,11039,10808.0,231.0,4,0.0,11/13/2021 12:00:00 AM
26218,2021-11-12,MD,569823,909,0.0,11052,10821.0,231.0,13,0.0,11/14/2021 12:00:00 AM
16025,2021-11-13,MD,570806,983,0.0,11072,10841.0,231.0,20,0.0,11/15/2021 12:00:00 AM
29037,2021-11-14,MD,571625,819,0.0,11079,10848.0,231.0,7,0.0,11/16/2021 12:00:00 AM
26200,2021-11-15,MD,572342,717,0.0,11086,10855.0,231.0,7,0.0,11/17/2021 12:00:00 AM
19872,2021-11-16,MD,573044,702,0.0,11096,10865.0,231.0,10,0.0,11/18/2021 12:00:00 AM
16859,2021-11-17,MD,573835,791,0.0,11108,10877.0,231.0,12,0.0,11/19/2021 12:00:00 AM
14140,2021-11-18,MD,574914,1079,0.0,11116,10885.0,231.0,8,0.0,11/20/2021 12:00:00 AM
27027,2021-11-19,MD,575996,1082,0.0,11128,10897.0,231.0,12,0.0,11/21/2021 12:00:00 AM
26996,2021-11-20,MD,577013,1017,0.0,11134,10903.0,231.0,6,0.0,11/22/2021 12:00:00 AM
25493,2021-11-21,MD,578019,1006,0.0,11138,10907.0,231.0,4,0.0,11/23/2021 12:00:00 AM
11299,2021-11-22,MD,578851,832,0.0,11147,10916.0,231.0,9,0.0,11/24/2021 12:00:00 AM
27537,2021-11-23,MD,579591,740,0.0,11157,10926.0,231.0,10,0.0,11/25/2021 12:00:00 AM
33344,2021-11-24,MD,580496,905,0.0,11165,10934.0,231.0,8,0.0,11/26/2021 12:00:00 AM
25273,2021-11-25,MD,581611,1115,0.0,11173,10942.0,231.0,8,0.0,11/27/2021 12:00:00 AM
15689,2021-11-26,MD,582608,997,0.0,11184,10953.0,231.0,11,0.0,11/28/2021 12:00:00 AM
28727,2021-11-27,MD,583299,691,0.0,11191,10960.0,231.0,7,0.0,11/29/2021 12:00:00 AM
27999,2021-11-28,MD,584137,838,0.0,11203,10972.0,231.0,12,0.0,11/30/2021 12:00:00 AM
10822,2021-11-29,MD,584899,762,0.0,11215,10984.0,231.0,12,0.0,12/01/2021 12:00:00 AM
27300,2021-11-30,MD,586143,1244,0.0,11222,10991.0,231.0,7,0.0,12/02/2021 12:00:00 AM
34342,2021-12-01,MD,587285,1142,0.0,11234,11003.0,231.0,12,0.0,12/03/2021 12:00:00 AM
14805,2021-12-02,MD,589113,1828,0.0,11241,11010.0,231.0,7,0.0,12/04/2021 12:00:00 AM
32916,2021-12-03,MD,590813,1700,0.0,11249,11018.0,231.0,8,0.0,12/05/2021 12:00:00 AM
15364,2021-12-04,MD,592679,1866,0.0,11264,11032.0,232.0,15,1.0,12/06/2021 12:00:00 AM
30034,2021-12-05,MD,593691,1012,0.0,11282,11050.0,232.0,18,0.0,12/07/2021 12:00:00 AM
18495,2021-12-06,MD,594671,980,0.0,11294,11062.0,232.0,12,0.0,12/08/2021 12:00:00 AM
31653,2021-12-07,MD,595861,1190,0.0,11305,11073.0,232.0,11,0.0,12/09/2021 12:00:00 AM
14620,2021-12-08,MD,597068,1207,0.0,11314,11082.0,232.0,9,0.0,12/10/2021 12:00:00 AM
27604,2021-12-09,MD,598588,1520,0.0,11332,11099.0,233.0,18,1.0,12/11/2021 12:00:00 AM
12696,2021-12-10,MD,600333,1745,0.0,11359,11126.0,233.0,27,0.0,12/12/2021 12:00:00 AM
14694,2021-12-11,MD,601573,1240,0.0,11371,11138.0,233.0,12,0.0,12/13/2021 12:00:00 AM
12714,2021-12-12,MD,602934,1361,0.0,11380,11147.0,233.0,9,0.0,12/14/2021 12:00:00 AM
27501,2021-12-13,MD,604385,1451,0.0,11392,11159.0,233.0,12,0.0,12/15/2021 12:00:00 AM
33987,2021-12-14,MD,606101,1716,0.0,11422,11189.0,233.0,30,0.0,12/16/2021 12:00:00 AM
30543,2021-12-15,MD,608293,2192,0.0,11447,11214.0,233.0,25,0.0,12/17/2021 12:00:00 AM
18440,2021-12-16,MD,611438,3145,0.0,11464,11231.0,233.0,17,0.0,12/18/2021 12:00:00 AM
28706,2021-12-17,MD,614973,3535,0.0,11482,11249.0,233.0,18,0.0,12/19/2021 12:00:00 AM
27123,2021-12-18,MD,618326,3353,0.0,11511,11278.0,233.0,29,0.0,12/20/2021 12:00:00 AM
34879,2021-12-19,MD,620799,2473,0.0,11533,11300.0,233.0,22,0.0,12/21/2021 12:00:00 AM
10522,2021-12-20,MD,621983,1184,0.0,11553,11320.0,233.0,20,0.0,12/22/2021 12:00:00 AM
30925,2021-12-21,MD,628425,6442,0.0,11577,11343.0,234.0,24,1.0,12/23/2021 12:00:00 AM
29456,2021-12-22,MD,633046,4621,0.0,11600,11366.0,234.0,23,0.0,12/24/2021 12:00:00 AM
17451,2021-12-23,MD,640572,7526,0.0,11628,11394.0,234.0,28,0.0,12/25/2021 12:00:00 AM
25814,2021-12-24,MD,651208,10636,0.0,11655,11421.0,234.0,27,0.0,12/26/2021 12:00:00 AM
31413,2021-12-25,MD,661141,9933,0.0,11680,11446.0,234.0,25,0.0,12/27/2021 12:00:00 AM
12884,2021-12-26,MD,667341,6200,0.0,11710,11476.0,234.0,30,0.0,12/28/2021 12:00:00 AM
12059,2021-12-27,MD,673128,5787,0.0,11737,11503.0,234.0,27,0.0,12/29/2021 12:00:00 AM
31102,2021-12-28,MD,680411,7283,0.0,11768,11533.0,235.0,31,1.0,12/30/2021 12:00:00 AM
14961,2021-12-29,MD,692326,11915,0.0,11807,11571.0,236.0,39,1.0,12/31/2021 12:00:00 AM
14208,2021-12-30,MD,707778,15452,0.0,11839,11602.0,237.0,32,1.0,01/01/2022 12:00:00 AM
26276,2021-12-31,MD,720888,13110,0.0,11875,11638.0,237.0,36,0.0,01/02/2022 12:00:00 AM
13717,2022-01-01,MD,735804,14916,0.0,11911,11673.0,238.0,36,1.0,01/03/2022 12:00:00 AM
14235,2022-01-02,MD,747095,11291,0.0,11957,11719.0,238.0,46,0.0,01/04/2022 12:00:00 AM
27583,2022-01-03,MD,762022,14927,0.0,11985,11747.0,238.0,28,0.0,01/05/2022 12:00:00 AM
27211,2022-01-04,MD,777286,15264,0.0,12028,11790.0,238.0,43,0.0,01/06/2022 12:00:00 AM
33273,2022-01-05,MD,788502,11216,0.0,12080,11840.0,240.0,52,2.0,01/07/2022 12:00:00 AM
18961,2022-01-06,MD,802225,13723,0.0,12134,11894.0,240.0,54,0.0,01/08/2022 12:00:00 AM
32866,2022-01-07,MD,815023,12798,0.0,12193,11953.0,240.0,59,0.0,01/09/2022 12:00:00 AM
34234,2022-01-08,MD,828793,13770,0.0,12250,12008.0,242.0,57,2.0,01/10/2022 12:00:00 AM
20152,2022-01-09,MD,846668,17875,0.0,12304,12062.0,242.0,54,0.0,01/11/2022 12:00:00 AM
12916,2022-01-10,MD,856822,10154,0.0,12366,12124.0,242.0,62,0.0,01/12/2022 12:00:00 AM
33691,2022-01-11,MD,867138,10316,0.0,12415,12172.0,243.0,49,1.0,01/13/2022 12:00:00 AM
27367,2022-01-12,MD,878830,11692,0.0,12483,12239.0,244.0,68,1.0,01/14/2022 12:00:00 AM
33703,2022-01-13,MD,890061,11231,0.0,12545,12300.0,245.0,62,1.0,01/15/2022 12:00:00 AM
31160,2022-01-14,MD,900559,10498,0.0,12604,12357.0,247.0,59,2.0,01/16/2022 12:00:00 AM
27544,2022-01-15,MD,910921,10362,0.0,12669,12420.0,249.0,65,2.0,01/17/2022 12:00:00 AM
28488,2022-01-16,MD,919136,8215,0.0,12734,12485.0,249.0,65,0.0,01/18/2022 12:00:00 AM
33297,2022-01-17,MD,925929,6793,0.0,12786,12537.0,249.0,52,0.0,01/19/2022 12:00:00 AM
14271,2022-01-18,MD,929363,3434,0.0,12830,12581.0,249.0,44,0.0,01/20/2022 12:00:00 AM
15959,2022-01-19,MD,933716,4353,0.0,12866,12614.0,252.0,36,3.0,01/21/2022 12:00:00 AM
28175,2022-01-20,MD,942950,9234,0.0,12936,12684.0,252.0,70,0.0,01/22/2022 12:00:00 AM
19039,2022-01-21,MD,947966,5016,0.0,13003,12751.0,252.0,67,0.0,01/23/2022 12:00:00 AM
33924,2022-01-22,MD,953037,5071,0.0,13069,12816.0,253.0,66,1.0,01/24/2022 12:00:00 AM
32719,2022-01-23,MD,956823,3786,0.0,13123,12869.0,254.0,54,1.0,01/25/2022 12:00:00 AM
27162,2022-01-24,MD,959614,2791,0.0,13158,12904.0,254.0,35,0.0,01/26/2022 12:00:00 AM
18341,2022-01-25,MD,962190,2576,0.0,13233,12978.0,255.0,75,1.0,01/27/2022 12:00:00 AM
27763,2022-01-26,MD,965291,3101,0.0,13280,13024.0,256.0,47,1.0,01/28/2022 12:00:00 AM
14174,2022-01-27,MD,968731,3440,0.0,13334,13078.0,256.0,54,0.0,01/29/2022 12:00:00 AM
33535,2022-01-28,MD,971909,3178,0.0,13387,13131.0,256.0,53,0.0,01/30/2022 12:00:00 AM
25600,2022-01-29,MD,974436,2527,0.0,13432,13175.0,257.0,45,1.0,01/31/2022 12:00:00 AM
33726,2022-01-30,MD,976443,2007,0.0,13465,13208.0,257.0,33,0.0,02/01/2022 12:00:00 AM
15245,2022-01-31,MD,977568,1125,0.0,13484,13227.0,257.0,19,0.0,02/02/2022 12:00:00 AM
16864,2022-02-01,MD,979151,1583,0.0,13532,13276.0,256.0,48,-1.0,02/03/2022 12:00:00 AM
13905,2022-02-02,MD,980625,1474,0.0,13572,13316.0,256.0,40,0.0,02/04/2022 12:00:00 AM
12211,2022-02-03,MD,982798,2173,0.0,13611,13353.0,258.0,39,2.0,02/05/2022 12:00:00 AM
17056,2022-02-04,MD,984492,1694,0.0,13655,13397.0,258.0,44,0.0,02/06/2022 12:00:00 AM
26466,2022-02-05,MD,986185,1693,0.0,13691,13432.0,259.0,36,1.0,02/07/2022 12:00:00 AM
30333,2022-02-06,MD,987351,1166,0.0,13724,13465.0,259.0,33,0.0,02/08/2022 12:00:00 AM
14979,2022-02-07,MD,988147,796,0.0,13745,13486.0,259.0,21,0.0,02/09/2022 12:00:00 AM
31672,2022-02-08,MD,988943,796,0.0,13787,13528.0,259.0,42,0.0,02/10/2022 12:00:00 AM
28003,2022-02-09,MD,989738,795,0.0,13827,13568.0,259.0,40,0.0,02/11/2022 12:00:00 AM
16918,2022-02-10,MD,990838,1100,0.0,13864,13605.0,259.0,37,0.0,02/12/2022 12:00:00 AM
29855,2022-02-11,MD,991569,731,0.0,13905,13646.0,259.0,41,0.0,02/13/2022 12:00:00 AM
12713,2022-02-12,MD,992510,941,0.0,13905,13646.0,259.0,0,0.0,02/14/2022 12:00:00 AM
18727,2022-02-13,MD,993228,718,0.0,13917,13658.0,259.0,12,0.0,02/15/2022 12:00:00 AM
33579,2022-02-14,MD,993653,425,0.0,13925,13666.0,259.0,8,0.0,02/15/2022 03:38:24 PM
10606,2022-02-15,MD,994577,924,0.0,13965,13705.0,260.0,40,1.0,02/16/2022 03:00:19 PM
29631,2022-02-16,MD,995328,751,0.0,13981,13720.0,261.0,16,1.0,02/17/2022 02:53:30 PM
25682,2022-02-17,MD,996182,854,0.0,13988,13727.0,261.0,7,0.0,02/18/2022 02:18:41 PM
18514,2022-02-18,MD,997047,865,0.0,14003,13741.0,262.0,15,1.0,02/19/2022 02:20:06 PM
33495,2022-02-19,MD,997047,0,0.0,14003,13741.0,262.0,0,0.0,02/21/2022 08:09:45 PM
10527,2022-02-20,MD,998136,1089,0.0,14011,13749.0,262.0,8,0.0,02/21/2022 08:43:30 PM
31809,2022-02-21,MD,998888,752,0.0,14049,13786.0,263.0,38,1.0,02/22/2022 02:17:25 PM
32204,2022-02-22,MD,999229,341,0.0,14062,13799.0,263.0,13,0.0,02/23/2022 03:07:10 PM
13312,2022-02-23,MD,999890,661,0.0,14076,13813.0,263.0,14,0.0,02/24/2022 02:32:28 PM
18346,2022-02-24,MD,1000562,672,0.0,14091,13828.0,263.0,15,0.0,02/25/2022 03:09:12 PM
19692,2022-02-25,MD,1001509,947,0.0,14105,13842.0,263.0,14,0.0,02/26/2022 02:15:52 PM
13276,2022-02-26,MD,1001509,0,0.0,14105,13842.0,263.0,0,0.0,02/28/2022 01:14:05 PM
26245,2022-02-27,MD,1001890,381,0.0,14119,13856.0,263.0,14,0.0,02/28/2022 02:56:19 PM
13049,2022-02-28,MD,1002634,744,0.0,14135,13872.0,263.0,16,0.0,03/01/2022 03:28:54 PM
26767,2022-03-01,MD,1003039,405,0.0,14146,13883.0,263.0,11,0.0,03/02/2022 02:48:48 PM
17925,2022-03-02,MD,1003510,471,0.0,14160,13897.0,263.0,14,0.0,03/03/2022 02:58:52 PM
31340,2022-03-03,MD,1003908,398,0.0,14171,13908.0,263.0,11,0.0,03/04/2022 03:15:42 PM
26250,2022-03-04,MD,1004290,382,0.0,14176,13913.0,263.0,5,0.0,03/05/2022 02:44:19 PM
27661,2022-03-05,MD,1004290,0,0.0,14176,13913.0,263.0,0,0.0,03/07/2022 01:47:14 PM
33925,2022-03-06,MD,1004290,0,0.0,14176,13913.0,263.0,0,0.0,03/07/2022 03:00:11 PM
26339,2022-03-07,MD,1005056,766,0.0,14206,13943.0,263.0,30,0.0,03/08/2022 02:50:46 PM
30877,2022-03-08,MD,1005333,277,0.0,14218,13955.0,263.0,12,0.0,03/09/2022 02:28:56 PM
14643,2022-03-09,MD,1005716,383,0.0,14229,13964.0,265.0,11,2.0,03/10/2022 02:27:26 PM
29636,2022-03-10,MD,1006062,346,0.0,14237,13972.0,265.0,8,0.0,03/11/2022 03:18:11 PM
19957,2022-03-11,MD,1006432,370,0.0,14249,13984.0,265.0,12,0.0,03/12/2022 02:36:52 PM
15646,2022-03-12,MD,1006432,0,0.0,14249,13984.0,265.0,0,0.0,03/14/2022 12:45:51 PM
19575,2022-03-13,MD,1006636,204,0.0,14261,13996.0,265.0,12,0.0,03/14/2022 02:38:32 PM
31408,2022-03-14,MD,1007040,404,0.0,14271,14006.0,265.0,10,0.0,03/15/2022 01:23:04 PM
11577,2022-03-15,MD,1007372,332,0.0,14280,14015.0,265.0,9,0.0,03/16/2022 01:23:12 PM
31339,2022-03-16,MD,1007748,376,0.0,14282,14018.0,264.0,2,-1.0,03/17/2022 02:31:57 PM
34143,2022-03-17,MD,1008178,430,0.0,14286,14022.0,264.0,4,0.0,03/18/2022 01:48:08 PM
25369,2022-03-18,MD,1008536,358,0.0,14293,14029.0,264.0,7,0.0,03/19/2022 01:30:21 PM
33263,2022-03-19,MD,1008536,0,0.0,14293,14029.0,264.0,0,0.0,03/21/2022 12:27:07 PM
28322,2022-03-20,MD,1008740,204,0.0,14298,14034.0,264.0,5,0.0,03/21/2022 01:48:00 PM
12815,2022-03-21,MD,1009097,357,0.0,14303,14039.0,264.0,5,0.0,03/22/2022 01:39:13 PM
34519,2022-03-22,MD,1009343,246,0.0,14311,14047.0,264.0,8,0.0,03/23/2022 03:04:18 PM
12694,2022-03-23,MD,1009705,362,0.0,14314,14052.0,262.0,3,-2.0,03/24/2022 01:32:04 PM
16088,2022-03-24,MD,1009705,0,0.0,14316,14052.0,264.0,2,2.0,03/25/2022 01:28:21 PM
34277,2022-03-25,MD,1010497,792,0.0,14324,14060.0,264.0,8,0.0,03/26/2022 01:34:52 PM
16358,2022-03-26,MD,1010497,0,0.0,14324,14060.0,264.0,0,0.0,03/28/2022 01:08:30 PM
13210,2022-03-27,MD,1010722,225,0.0,14326,14062.0,264.0,2,0.0,03/28/2022 02:00:06 PM
19680,2022-03-28,MD,1011211,489,0.0,14331,14067.0,264.0,5,0.0,03/29/2022 01:30:11 PM
30679,2022-03-29,MD,1011498,287,0.0,14343,14079.0,264.0,12,0.0,03/30/2022 02:13:09 PM
26868,2022-03-30,MD,1011919,421,0.0,14345,14081.0,264.0,2,0.0,03/31/2022 02:49:40 PM
25797,2022-03-31,MD,1012357,438,0.0,14347,14083.0,264.0,2,0.0,04/01/2022 01:54:34 PM
31599,2022-04-01,MD,1012822,465,0.0,14355,14091.0,264.0,8,0.0,04/02/2022 01:21:28 PM
14388,2022-04-02,MD,1012822,0,0.0,14355,14091.0,264.0,0,0.0,04/04/2022 12:57:21 PM
30929,2022-04-03,MD,1012822,0,0.0,14355,14091.0,264.0,0,0.0,04/04/2022 02:11:32 PM
14788,2022-04-04,MD,1013696,874,0.0,14363,14099.0,264.0,8,0.0,04/05/2022 01:16:42 PM
17900,2022-04-05,MD,1014223,527,0.0,14365,14101.0,264.0,2,0.0,04/06/2022 01:55:45 PM
19255,2022-04-06,MD,1014714,491,0.0,14368,14104.0,264.0,3,0.0,04/07/2022 02:35:23 PM
29582,2022-04-07,MD,1015358,644,0.0,14371,14107.0,264.0,3,0.0,04/08/2022 01:45:38 PM
15614,2022-04-08,MD,1016029,671,0.0,14377,14113.0,264.0,6,0.0,04/09/2022 01:34:03 PM
26725,2022-04-09,MD,1016029,0,0.0,14377,14113.0,264.0,0,0.0,04/11/2022 12:33:54 PM
25870,2022-04-10,MD,1016029,0,0.0,14377,14113.0,264.0,0,0.0,04/11/2022 02:08:38 PM
28968,2022-04-11,MD,1017470,1441,0.0,14385,14121.0,264.0,8,0.0,04/12/2022 01:55:12 PM
12994,2022-04-12,MD,1017926,456,0.0,14391,14127.0,264.0,6,0.0,04/13/2022 01:31:40 PM
13985,2022-04-13,MD,1018701,775,0.0,14395,14131.0,264.0,4,0.0,04/14/2022 03:28:01 PM
18433,2022-04-14,MD,1019487,786,0.0,14398,14134.0,264.0,3,0.0,04/15/2022 01:23:20 PM
32857,2022-04-15,MD,1020351,864,0.0,14401,14137.0,264.0,3,0.0,04/16/2022 01:28:29 PM
28366,2022-04-16,MD,1020351,0,0.0,14401,14137.0,264.0,0,0.0,04/18/2022 01:38:16 PM
29740,2022-04-17,MD,1020351,0,0.0,14401,14137.0,264.0,0,0.0,04/18/2022 02:50:08 PM
13519,2022-04-18,MD,1022225,1874,0.0,14407,14143.0,264.0,6,0.0,04/19/2022 01:21:35 PM
26569,2022-04-19,MD,1022861,636,0.0,14412,14148.0,264.0,5,0.0,04/20/2022 01:32:06 PM
34117,2022-04-20,MD,1023905,1044,0.0,14418,14154.0,264.0,6,0.0,04/21/2022 01:21:03 PM
16177,2022-04-21,MD,1024920,1015,0.0,14422,14158.0,264.0,4,0.0,04/22/2022 02:15:21 PM
25690,2022-04-22,MD,1025925,1005,0.0,14425,14161.0,264.0,3,0.0,04/23/2022 01:21:45 PM
18152,2022-04-23,MD,1025925,0,0.0,14425,14161.0,264.0,0,0.0,04/25/2022 12:42:22 PM
26087,2022-04-24,MD,1025925,0,0.0,14425,14161.0,264.0,0,0.0,04/25/2022 01:33:47 PM
33169,2022-04-25,MD,1025925,0,0.0,14425,14161.0,264.0,0,0.0,04/26/2022 01:17:03 PM
27001,2022-04-26,MD,1028752,2827,0.0,14441,14177.0,264.0,16,0.0,04/27/2022 01:16:30 PM
14166,2022-04-27,MD,1030144,1392,0.0,14449,14185.0,264.0,8,0.0,04/28/2022 01:30:29 PM
16209,2022-04-28,MD,1031533,1389,0.0,14456,14192.0,264.0,7,0.0,04/29/2022 02:05:11 PM
16124,2022-04-29,MD,1032775,1242,0.0,14462,14198.0,264.0,6,0.0,04/30/2022 01:19:13 PM
30806,2022-04-30,MD,1032775,0,0.0,14462,14198.0,264.0,0,0.0,05/02/2022 12:49:10 PM
19756,2022-05-01,MD,1032775,0,0.0,14462,14198.0,264.0,0,0.0,05/02/2022 01:46:11 PM
29235,2022-05-02,MD,1035008,2233,0.0,14477,14213.0,264.0,15,0.0,05/03/2022 01:21:33 PM
11960,2022-05-03,MD,1035008,0,0.0,14477,14213.0,264.0,0,0.0,05/04/2022 01:36:27 PM
26094,2022-05-04,MD,1037863,2855,0.0,14482,14217.0,265.0,5,1.0,05/05/2022 01:33:26 PM
15303,2022-05-05,MD,1039776,1913,0.0,14486,14221.0,265.0,4,0.0,05/06/2022 01:14:55 PM
33455,2022-05-06,MD,1041621,1845,0.0,14495,14230.0,265.0,9,0.0,05/07/2022 01:19:57 PM
16268,2022-05-07,MD,1041621,0,0.0,14495,14230.0,265.0,0,0.0,05/09/2022 01:14:40 PM
14730,2022-05-08,MD,1041621,0,0.0,14495,14230.0,265.0,0,0.0,05/09/2022 02:22:50 PM
11659,2022-05-09,MD,1045721,4100,0.0,14505,14240.0,265.0,10,0.0,05/10/2022 01:23:16 PM
28433,2022-05-10,MD,1047261,1540,0.0,14510,14245.0,265.0,5,0.0,05/11/2022 01:51:16 PM
